order_id,order_date,ship_date,customer_id,customer_name,segment,region,category,sub_category,sales,quantity,discount,profit,ship_mode
ORD-2023-10001,2023-11-24,2023-11-25,CUST-135,Customer 135,Consumer,East,Office Supplies,Storage,33.26,2,0.15,2.95,Second Class
ORD-2023-10002,2023-02-17,2023-02-19,CUST-283,Customer 283,Consumer,West,Office Supplies,Envelopes,365.41,9,0.0,104.1,Second Class
ORD-2023-10003,2023-03-23,2023-03-29,CUST-345,Customer 345,Consumer,South,Furniture,Bookcases,1704.0,6,0.1,414.08,Second Class
ORD-2023-10004,2023-01-23,2023-01-29,CUST-241,Customer 241,Corporate,South,Office Supplies,Paper,419.15,5,0.2,55.29,Standard Class
ORD-2023-10005,2023-02-05,2023-02-06,CUST-197,Customer 197,Consumer,West,Furniture,Chairs,2687.17,5,0.1,366.98,Standard Class
ORD-2023-10006,2023-05-17,2023-05-23,CUST-141,Customer 141,Home Office,East,Office Supplies,Binders,514.56,8,0.2,71.68,Second Class
ORD-2023-10007,2023-06-16,2023-06-17,CUST-116,Customer 116,Corporate,West,Technology,Accessories,4435.17,4,0.0,1139.7,First Class
ORD-2023-10008,2023-07-22,2023-07-28,CUST-290,Customer 290,Consumer,South,Technology,Accessories,5154.67,9,0.2,968.24,Second Class
ORD-2023-10009,2023-04-23,2023-04-25,CUST-260,Customer 260,Consumer,South,Technology,Phones,2503.29,3,0.15,603.02,Second Class
ORD-2023-10010,2023-08-28,2023-09-02,CUST-274,Customer 274,Home Office,Central,Office Supplies,Paper,384.1,9,0.1,75.82,Standard Class
ORD-2023-10011,2023-08-21,2023-08-22,CUST-322,Customer 322,Home Office,Central,Office Supplies,Binders,143.46,5,0.1,41.01,Standard Class
ORD-2023-10012,2023-10-04,2023-10-09,CUST-128,Customer 128,Corporate,East,Office Supplies,Storage,262.96,6,0.0,38.14,Standard Class
ORD-2023-10013,2023-10-18,2023-10-19,CUST-132,Customer 132,Consumer,East,Office Supplies,Art,435.48,8,0.2,84.59,Second Class
ORD-2023-10014,2023-04-19,2023-04-24,CUST-212,Customer 212,Corporate,West,Office Supplies,Storage,153.39,9,0.0,36.64,First Class
ORD-2023-10015,2023-04-28,2023-05-03,CUST-158,Customer 158,Home Office,West,Technology,Phones,2201.38,2,0.0,341.63,Standard Class
ORD-2023-10016,2023-09-06,2023-09-08,CUST-162,Customer 162,Home Office,West,Office Supplies,Envelopes,140.5,8,0.15,24.68,Same Day
ORD-2023-10017,2023-07-30,2023-08-03,CUST-286,Customer 286,Consumer,East,Office Supplies,Paper,149.16,6,0.2,30.0,Same Day
ORD-2023-10018,2023-08-05,2023-08-07,CUST-306,Customer 306,Consumer,Central,Furniture,Tables,4358.97,9,0.0,1489.15,Same Day
ORD-2023-10019,2023-05-02,2023-05-04,CUST-331,Customer 331,Consumer,South,Furniture,Furnishings,69.14,1,0.15,10.86,Same Day
ORD-2023-10020,2023-12-23,2023-12-29,CUST-347,Customer 347,Corporate,South,Technology,Laptops,758.14,1,0.0,70.92,Second Class
ORD-2023-10021,2023-09-02,2023-09-07,CUST-252,Customer 252,Consumer,West,Technology,Phones,1374.36,2,0.2,201.31,Standard Class
ORD-2023-10022,2023-11-01,2023-11-02,CUST-271,Customer 271,Corporate,East,Furniture,Bookcases,1757.09,6,0.1,357.48,Second Class
ORD-2023-10023,2023-02-07,2023-02-08,CUST-237,Customer 237,Consumer,South,Office Supplies,Envelopes,193.56,4,0.0,61.44,Standard Class
ORD-2023-10024,2023-07-09,2023-07-12,CUST-270,Customer 270,Home Office,West,Furniture,Bookcases,4421.71,9,0.0,669.47,Standard Class
ORD-2023-10025,2023-02-24,2023-03-02,CUST-283,Customer 283,Home Office,West,Furniture,Bookcases,2413.46,6,0.15,356.72,Second Class
ORD-2023-10026,2023-01-27,2023-01-28,CUST-297,Customer 297,Consumer,South,Furniture,Chairs,581.79,3,0.2,157.39,First Class
ORD-2023-10027,2023-10-15,2023-10-16,CUST-313,Customer 313,Home Office,East,Technology,Laptops,4112.83,6,0.1,733.96,Standard Class
ORD-2023-10028,2023-01-21,2023-01-24,CUST-190,Customer 190,Home Office,West,Office Supplies,Binders,704.45,9,0.0,232.44,Standard Class
ORD-2023-10029,2023-05-02,2023-05-04,CUST-300,Customer 300,Consumer,West,Furniture,Chairs,3879.03,7,0.1,477.06,First Class
ORD-2023-10030,2023-12-26,2023-12-27,CUST-309,Customer 309,Consumer,South,Technology,Printers,4137.13,8,0.0,357.4,Second Class
ORD-2023-10031,2023-04-09,2023-04-13,CUST-264,Customer 264,Corporate,Central,Furniture,Chairs,6194.82,9,0.0,688.51,First Class
ORD-2023-10032,2023-05-14,2023-05-16,CUST-188,Customer 188,Home Office,Central,Technology,Phones,2919.43,6,0.2,383.38,Same Day
ORD-2023-10033,2023-01-23,2023-01-29,CUST-117,Customer 117,Corporate,South,Technology,Laptops,4343.29,6,0.1,942.16,Same Day
ORD-2023-10034,2023-12-08,2023-12-12,CUST-149,Customer 149,Home Office,Central,Furniture,Bookcases,2205.49,7,0.0,542.97,Second Class
ORD-2023-10035,2023-06-04,2023-06-08,CUST-301,Customer 301,Consumer,East,Furniture,Bookcases,1958.56,10,0.3,,Same Day
ORD-2023-10036,2023-08-31,2023-09-06,CUST-123,Customer 123,Corporate,West,Office Supplies,Paper,127.62,4,0.0,11.8,First Class
ORD-2023-10037,2023-09-01,2023-09-06,CUST-283,Customer 283,Home Office,East,Furniture,Furnishings,1618.89,7,0.0,519.69,Second Class
ORD-2023-10038,2023-02-24,2023-02-28,CUST-334,Customer 334,Consumer,West,Technology,Printers,1006.86,2,0.2,242.42,Second Class
ORD-2023-10039,2023-08-15,2023-08-20,CUST-215,Customer 215,Consumer,South,Office Supplies,Art,162.02,5,0.2,34.16,Same Day
ORD-2023-10040,2023-05-03,2023-05-06,CUST-185,Customer 185,Consumer,South,Technology,Accessories,5547.16,6,0.15,1483.12,First Class
ORD-2023-10041,2023-12-28,2023-12-30,CUST-206,Customer 206,Corporate,East,Furniture,Furnishings,272.39,1,0.2,91.37,Same Day
ORD-2023-10042,2023-01-11,2023-01-16,CUST-292,Customer 292,Corporate,South,Furniture,Chairs,3288.52,7,0.3,-10.11,First Class
ORD-2023-10043,2023-11-05,2023-11-07,CUST-107,Customer 107,Corporate,South,Technology,Accessories,3520.55,7,0.0,1080.59,Same Day
ORD-2023-10044,2023-03-07,2023-03-12,CUST-134,Customer 134,Consumer,East,Furniture,Chairs,1640.82,8,0.15,276.07,Same Day
ORD-2023-10045,2023-07-14,2023-07-17,CUST-291,Customer 291,Corporate,south ,Furniture,Chairs,6031.71,9,0.0,1754.82,Standard Class
ORD-2023-10046,2023-11-30,2023-12-01,CUST-161,Customer 161,Consumer,East,Technology,Laptops,1650.46,3,0.15,443.74,Second Class
ORD-2023-10047,2023-07-08,2023-07-10,CUST-337,Customer 337,Consumer,East,Technology,Accessories,2641.05,5,0.3,-291.4,Standard Class
ORD-2023-10048,2023-10-31,2023-11-06,CUST-303,Customer 303,Home Office,West,Technology,Accessories,8745.9,10,0.1,862.51,Standard Class
ORD-2023-10049,2023-11-28,2023-12-01,CUST-345,Customer 345,Consumer,East,Furniture,Furnishings,3028.37,6,0.15,386.29,Same Day
ORD-2023-10050,09/25/2023,2023-10-01,CUST-211,Customer 211,Corporate,Central,Office Supplies,Envelopes,1013.8,10,0.0,157.45,Same Day
ORD-2023-10051,2023-08-19,2023-08-21,CUST-186,Customer 186,Home Office,South,Office Supplies,Envelopes,57.27,1,0.1,16.92,Same Day
ORD-2023-10052,2023-06-24,2023-06-27,CUST-121,Customer 121,Home Office,Central,Office Supplies,Paper,261.51,4,0.3,-14.33,Second Class
ORD-2023-10053,2023-12-31,2024-01-04,CUST-203,Customer 203,Corporate,South,Technology,Phones,1508.85,4,0.2,260.75,Second Class
ORD-2023-10054,2023-10-09,2023-10-12,CUST-164,Customer 164,Corporate,Central,Office Supplies,Art,74.08,4,0.2,24.95,First Class
ORD-2023-10055,2023-12-20,2023-12-22,CUST-125,Customer 125,Corporate,West,Technology,Printers,1290.96,4,0.3,-55.73,First Class
ORD-2023-10056,2023-05-21,2023-05-22,CUST-263,Customer 263,Home Office,East,Office Supplies,Storage,280.69,8,0.15,55.84,Second Class
ORD-2023-10057,2023-04-05,2023-04-06,CUST-225,Customer 225,Consumer,Central,Furniture,Chairs,808.96,2,0.2,272.02,Same Day
ORD-2023-10058,2023-02-13,2023-02-15,CUST-298,Customer 298,Home Office,East,Office Supplies,Art,307.5,9,0.2,106.8,Second Class
ORD-2023-10059,2023-06-06,2023-06-11,CUST-167,Customer 167,Consumer,East,Office Supplies,Paper,36.51,2,0.0,6.95,Second Class
ORD-2023-10060,2023-12-19,2023-12-24,CUST-280,Customer 280,Consumer,South,Furniture,Chairs,1626.75,5,10.0%,476.17,First Class
ORD-2023-10061,2023-11-17,2023-11-22,CUST-265,Customer 265,Home Office,West,Furniture,Chairs,1777.53,3,0.0,522.61,Second Class
ORD-2023-10062,2023-11-01,2023-11-07,CUST-279,Customer 279,Corporate,Central,Furniture,Chairs,2732.05,7,0.0,659.71,First Class
ORD-2023-10063,2023-08-10,2023-08-16,CUST-158,Customer 158,Consumer,Central,Office Supplies,Storage,847.11,10,0.1,199.57,Standard Class
ORD-2023-10064,2023-03-31,2023-04-04,CUST-262,Customer 262,Home Office,South,Furniture,Tables,2674.13,8,0.1,697.78,Same Day
ORD-2023-10065,2023-03-24,2023-03-27,CUST-308,Customer 308,Corporate,South,Office Supplies,Art,339.87,9,0.0,116.22,Same Day
ORD-2023-10066,2023-07-26,2023-07-31,CUST-113,Customer 113,Corporate,East,Office Supplies,Envelopes,220.44,4,0.15,62.87,Same Day
ORD-2023-10067,2023-04-15,2023-04-18,CUST-131,Customer 131,Home Office,West,Furniture,Furnishings,457.5,1,0.0,74.99,Same Day
ORD-2023-10068,2023-01-08,2023-01-13,CUST-342,Customer 342,Consumer,South,Technology,Laptops,1494.17,2,0.1,324.83,Same Day
ORD-2023-10069,2023-05-20,2023-05-24,CUST-198,Customer 198,Corporate,South,Furniture,Tables,1580.44,4,0.0,244.32,Second Class
ORD-2023-10070,2023-08-01,2023-08-04,CUST-314,Customer 314,Home Office,Central,Technology,Accessories,6450.82,10,0.15,,First Class
ORD-2023-10071,2023-06-26,2023-06-29,CUST-246,Customer 246,Consumer,South,Furniture,Bookcases,2748.1,7,0.3,-152.26,Second Class
ORD-2023-10072,2023-07-15,2023-07-19,CUST-322,Customer 322,Consumer,West,Furniture,Chairs,600.08,2,0.15,50.49,First Class
ORD-2023-10073,2023-03-15,2023-03-19,CUST-259,Customer 259,Corporate,West,Technology,Printers,4661.04,7,0.2,851.12,First Class
ORD-2023-10074,2023-06-12,2023-06-18,CUST-160,Customer 160,Home Office,South,Office Supplies,Paper,288.68,5,0.0,82.36,Standard Class
ORD-2023-10075,2023-12-27,2023-12-28,CUST-183,Customer 183,Consumer,South,Technology,Accessories,366.43,1,0.2,70.08,Standard Class
ORD-2023-10076,2023-12-16,2023-12-18,CUST-258,Customer 258,Home Office,West,Technology,Phones,1883.14,4,0.3,-186.82,Same Day
ORD-2023-10077,2023-05-11,2023-05-17,CUST-118,Customer 118,Home Office,East,Furniture,Bookcases,4707.94,8,0.15,1254.12,Second Class
ORD-2023-10078,2023-08-22,2023-08-25,CUST-197,Customer 197,Consumer,West,Furniture,Furnishings,2634.41,10,0.0,906.36,Second Class
ORD-2023-10079,2023-12-04,2023-12-08,CUST-313,Customer 313,Home Office,Central,Technology,Phones,4822.64,5,0.0,1214.76,Same Day
ORD-2023-10080,2023-11-14,2023-11-17,CUST-179,Customer 179,Home Office,West,Office Supplies,Paper,176.08,8,0.1,29.62,Standard Class
ORD-2023-10080,2023-11-14,2023-11-17,CUST-179,Customer 179,Home Office,West,Office Supplies,Paper,176.08,8,0.1,29.62,Standard Class
ORD-2023-10081,2023-08-01,2023-08-03,CUST-312,Customer 312,Home Office,West,Technology,Accessories,1133.51,3,0.1,319.16,First Class
ORD-2023-10082,2023-06-23,2023-06-24,CUST-347,Customer 347,Consumer,South,Technology,Laptops,3845.26,9,0.2,435.93,Same Day
ORD-2023-10083,2023-07-08,2023-07-14,CUST-127,Customer 127,Home Office,Central,Office Supplies,Art,409.49,4,0.1,133.95,First Class
ORD-2023-10084,2023-04-24,2023-04-30,CUST-266,Customer 266,Home Office,East,Office Supplies,Art,83.86,7,0.15,9.34,First Class
ORD-2023-10085,2023-05-01,2023-05-06,CUST-250,Customer 250,Corporate,West,Furniture,Furnishings,1166.52,3,0.2,221.86,Same Day
ORD-2023-10086,2023-05-24,2023-05-25,CUST-318,Customer 318,Corporate,Central,Technology,Printers,1068.15,6,0.3,-83.6,Second Class
ORD-2023-10087,2023-07-23,2023-07-26,CUST-264,Customer 264,Consumer,West,Technology,Printers,11696.48,10,0.0,3421.03,Second Class
ORD-2023-10088,2023-04-16,2023-04-17,CUST-298,Customer 298,Consumer,West,Office Supplies,Binders,121.5,3,0.0,42.12,First Class
ORD-2023-10089,2023-10-04,2023-10-07,CUST-191,Customer 191,Consumer,West,Technology,Phones,3073.18,4,0.0,861.3,Standard Class
ORD-2023-10090,2023-09-27,2023-09-28,CUST-215,Customer 215,Corporate,east ,Furniture,Furnishings,2906.61,9,0.3,-132.86,Standard Class
ORD-2023-10091,2023-08-23,2023-08-29,CUST-275,Customer 275,Corporate,East,Technology,Printers,1329.56,2,0.0,222.0,Same Day
ORD-2023-10092,2023-03-17,2023-03-18,CUST-216,Customer 216,Corporate,West,Furniture,Bookcases,891.39,9,0.3,-17.66,First Class
ORD-2023-10093,2023-10-10,2023-10-16,CUST-186,Customer 186,Consumer,West,Furniture,Furnishings,3832.99,8,0.1,994.96,Same Day
ORD-2023-10094,2023-07-11,2023-07-13,CUST-210,Customer 210,Consumer,South,Technology,Phones,1863.64,2,0.0,444.19,Standard Class
ORD-2023-10095,2023-10-15,2023-10-20,CUST-323,Customer 323,Corporate,Central,Office Supplies,Paper,652.53,7,0.2,107.25,First Class
ORD-2023-10096,2023-02-23,2023-02-28,CUST-189,Customer 189,Consumer,West,Technology,Printers,4099.93,9,0.15,1263.57,Standard Class
ORD-2023-10097,2023-11-15,2023-11-20,CUST-169,Customer 169,Consumer,East,Office Supplies,Storage,149.77,5,0.0,34.88,Second Class
ORD-2023-10098,2023-07-25,2023-07-26,CUST-196,Customer 196,Consumer,West,Office Supplies,Paper,278.96,7,0.1,80.83,Second Class
ORD-2023-10099,2023-10-18,2023-10-23,CUST-272,Customer 272,Consumer,East,Technology,Laptops,740.7,2,0.15,142.09,Standard Class
ORD-2023-10100,04/21/2023,2023-04-26,CUST-273,Customer 273,Consumer,East,Furniture,Furnishings,4195.79,10,0.15,1450.91,First Class
ORD-2023-10101,2023-01-29,2023-01-30,CUST-174,Customer 174,Consumer,West,Furniture,Tables,2330.27,6,0.0,425.64,First Class
ORD-2023-10102,2023-12-27,2023-12-29,CUST-211,Customer 211,Home Office,Central,Technology,Printers,537.83,1,0.15,126.29,Standard Class
ORD-2023-10103,2023-12-30,2024-01-05,CUST-347,Customer 347,Corporate,South,Furniture,Chairs,2803.59,6,0.3,95.19,Standard Class
ORD-2023-10104,2023-02-15,2023-02-19,CUST-234,Customer 234,Home Office,East,Technology,Printers,1018.0,2,0.1,295.59,Same Day
ORD-2023-10105,2023-02-09,2023-02-14,CUST-189,Customer 189,Consumer,East,Office Supplies,Envelopes,76.08,3,0.2,,First Class
ORD-2023-10106,2023-12-02,2023-12-03,CUST-274,Customer 274,Corporate,West,Office Supplies,Art,318.87,10,0.3,-27.67,Same Day
ORD-2023-10107,2023-08-14,2023-08-15,CUST-190,Customer 190,Corporate,South,Furniture,Bookcases,2966.87,9,0.1,903.58,Standard Class
ORD-2023-10108,2023-02-09,2023-02-15,CUST-218,Customer 218,Home Office,East,Office Supplies,Envelopes,922.64,10,0.15,300.27,Same Day
ORD-2023-10109,2023-10-20,2023-10-26,CUST-345,Customer 345,Home Office,West,Furniture,Furnishings,407.96,1,0.3,-54.31,Second Class
ORD-2023-10110,2023-11-27,2023-11-29,CUST-193,Customer 193,Corporate,East,Technology,Printers,4678.1,6,0.3,-142.32,Second Class
ORD-2023-10111,2023-11-20,2023-11-26,CUST-172,Customer 172,Consumer,Central,Technology,Accessories,4549.6,5,0.0,773.47,Same Day
ORD-2023-10112,2023-10-26,2023-11-01,CUST-133,Customer 133,Home Office,West,Furniture,Bookcases,927.68,10,0.3,7.73,Same Day
ORD-2023-10113,2023-03-07,2023-03-13,CUST-104,Customer 104,Home Office,East,Office Supplies,Art,242.71,6,0.15,32.0,First Class
ORD-2023-10114,2023-03-12,2023-03-14,CUST-269,Customer 269,Home Office,East,Furniture,Chairs,2779.08,6,0.0,344.07,Standard Class
ORD-2023-10115,2023-12-21,2023-12-26,CUST-193,Customer 193,Consumer,West,Office Supplies,Art,315.39,4,0.15,45.16,Same Day
ORD-2023-10116,2023-05-03,2023-05-06,CUST-218,Customer 218,Home Office,South,Technology,Accessories,4835.15,5,0.0,1453.26,Same Day
ORD-2023-10117,2023-11-06,2023-11-08,CUST-282,Customer 282,Corporate,Central,Technology,Printers,8454.17,9,0.1,1701.96,Standard Class
ORD-2023-10118,2023-09-20,2023-09-22,CUST-338,Customer 338,Corporate,South,Technology,Laptops,497.8,1,0.15,173.49,First Class
ORD-2023-10119,2023-07-11,2023-07-13,CUST-302,Customer 302,Home Office,East,Furniture,Chairs,541.52,3,0.3,8.78,First Class
ORD-2023-10120,2023-12-28,2024-01-01,CUST-165,Customer 165,Consumer,South,Office Supplies,Paper,287.99,4,20.0%,55.95,Standard Class
ORD-2023-10121,2023-05-28,2023-05-30,CUST-263,Customer 263,Consumer,Central,Technology,Phones,5039.75,10,0.2,1132.61,Same Day
ORD-2023-10122,2023-11-20,2023-11-25,CUST-100,Customer 100,Corporate,West,Office Supplies,Binders,214.23,10,0.3,-28.47,Same Day
ORD-2023-10123,2023-07-04,2023-07-05,CUST-195,Customer 195,Consumer,East,Furniture,Furnishings,1506.99,5,0.0,418.78,Same Day
ORD-2023-10124,2023-11-18,2023-11-19,CUST-308,Customer 308,Corporate,Central,Technology,Phones,2605.85,3,0.15,652.94,First Class
ORD-2023-10125,2023-03-11,2023-03-12,CUST-302,Customer 302,Consumer,South,Technology,Accessories,3672.27,4,0.15,1274.51,Standard Class
ORD-2023-10126,2023-10-06,2023-10-10,CUST-320,Customer 320,Corporate,Central,Technology,Laptops,953.18,1,0.1,188.71,First Class
ORD-2023-10127,2023-07-24,2023-07-30,CUST-277,Customer 277,Consumer,South,Furniture,Bookcases,4594.56,8,0.0,1269.53,Same Day
ORD-2023-10128,2023-02-10,2023-02-14,CUST-120,Customer 120,Corporate,West,Office Supplies,Storage,389.07,6,0.15,48.63,Standard Class
ORD-2023-10129,2023-08-16,2023-08-19,CUST-170,Customer 170,Home Office,South,Technology,Accessories,160.16,1,0.3,-2.26,Same Day
ORD-2023-10130,2023-01-16,2023-01-18,CUST-299,Customer 299,Consumer,South,Technology,Laptops,3181.55,6,0.0,837.85,Second Class
ORD-2023-10131,2023-07-09,2023-07-12,CUST-201,Customer 201,Home Office,South,Technology,Laptops,3494.56,6,0.3,-394.15,First Class
ORD-2023-10132,2023-09-23,2023-09-27,CUST-154,Customer 154,Home Office,East,Furniture,Bookcases,6482.17,10,0.0,756.12,Same Day
ORD-2023-10133,2023-02-07,2023-02-11,CUST-270,Customer 270,Consumer,West,Office Supplies,Art,226.48,6,0.1,70.18,First Class
ORD-2023-10134,2023-12-31,2024-01-06,CUST-302,Customer 302,Consumer,West,Furniture,Tables,927.1,3,0.2,166.51,Second Class
ORD-2023-10135,2023-10-10,2023-10-12,CUST-234,Customer 234,Corporate,east ,Technology,Accessories,6033.02,7,0.1,1528.96,Same Day
ORD-2023-10136,2023-08-19,2023-08-23,CUST-228,Customer 228,Consumer,Central,Technology,Laptops,1022.96,1,0.0,170.96,Same Day
ORD-2023-10137,2023-12-30,2024-01-01,CUST-150,Customer 150,Consumer,Central,Office Supplies,Storage,698.28,9,0.0,150.62,First Class
ORD-2023-10138,2023-03-28,2023-04-02,CUST-311,Customer 311,Home Office,West,Technology,Accessories,211.76,1,0.1,54.17,Standard Class
ORD-2023-10139,2023-10-20,2023-10-24,CUST-223,Customer 223,Home Office,East,Furniture,Bookcases,2018.78,4,0.0,536.85,First Class
ORD-2023-10140,2023-03-22,2023-03-26,CUST-255,Customer 255,Consumer,South,Furniture,Furnishings,1418.54,3,0.1,,First Class
ORD-2023-10141,2023-03-08,2023-03-11,CUST-168,Customer 168,Corporate,East,Furniture,Tables,952.16,8,0.15,298.33,Standard Class
ORD-2023-10142,2023-08-03,2023-08-05,CUST-227,Customer 227,Consumer,West,Furniture,Bookcases,5625.24,9,0.0,1885.65,Second Class
ORD-2023-10143,2023-09-16,2023-09-20,CUST-172,Customer 172,Consumer,West,Technology,Accessories,5597.24,8,0.1,1258.86,Standard Class
ORD-2023-10144,2023-02-25,2023-03-01,CUST-111,Customer 111,Corporate,West,Furniture,Bookcases,2698.46,7,0.1,269.45,First Class
ORD-2023-10145,2023-09-16,2023-09-20,CUST-349,Customer 349,Consumer,Central,Office Supplies,Envelopes,85.14,2,0.1,24.17,Second Class
ORD-2023-10146,2023-04-12,2023-04-17,CUST-135,Customer 135,Consumer,South,Office Supplies,Paper,126.64,6,0.2,14.91,Standard Class
ORD-2023-10147,2023-11-10,2023-11-13,CUST-229,Customer 229,Home Office,West,Furniture,Bookcases,4674.77,9,0.0,838.92,First Class
ORD-2023-10148,2023-12-11,2023-12-12,CUST-252,Customer 252,Home Office,South,Office Supplies,Storage,748.33,8,0.2,176.58,Standard Class
ORD-2023-10149,2023-01-27,2023-02-01,CUST-108,Customer 108,Consumer,South,Technology,Printers,10310.54,10,0.1,1990.66,Second Class
ORD-2023-10150,07/31/2023,2023-08-06,CUST-280,Customer 280,Home Office,West,Furniture,Furnishings,1090.76,3,0.15,242.02,Standard Class
ORD-2023-10151,2023-06-10,2023-06-12,CUST-273,Customer 273,Home Office,South,Office Supplies,Storage,148.47,5,0.2,23.84,First Class
ORD-2023-10152,2023-06-02,2023-06-05,CUST-189,Customer 189,Corporate,West,Office Supplies,Art,360.72,9,0.0,84.71,Same Day
ORD-2023-10153,2023-10-06,2023-10-10,CUST-173,Customer 173,Corporate,South,Furniture,Tables,602.26,2,0.15,82.98,Standard Class
ORD-2023-10154,2023-10-03,2023-10-06,CUST-162,Customer 162,Home Office,Central,Technology,Phones,853.33,1,0.0,91.35,Second Class
ORD-2023-10155,2023-06-19,2023-06-25,CUST-204,Customer 204,Consumer,South,Technology,Laptops,4689.51,8,0.1,736.54,Second Class
ORD-2023-10156,2023-01-31,2023-02-01,CUST-325,Customer 325,Consumer,West,Office Supplies,Paper,260.05,3,0.15,33.89,Same Day
ORD-2023-10157,2023-05-29,2023-05-30,CUST-216,Customer 216,Corporate,East,Furniture,Chairs,4545.66,9,0.2,938.07,First Class
ORD-2023-10158,2023-04-09,2023-04-10,CUST-283,Customer 283,Home Office,Central,Technology,Printers,346.06,3,0.3,0.5,First Class
ORD-2023-10159,2023-03-31,2023-04-05,CUST-271,Customer 271,Consumer,South,Furniture,Bookcases,334.36,2,0.0,27.37,Same Day
ORD-2023-10160,2023-07-16,2023-07-18,CUST-166,Customer 166,Corporate,South,Furniture,Bookcases,639.99,6,0.1,78.8,Standard Class
ORD-2023-10160,2023-07-16,2023-07-18,CUST-166,Customer 166,Corporate,South,Furniture,Bookcases,639.99,6,0.1,78.8,Standard Class
ORD-2023-10161,2023-12-18,2023-12-23,CUST-194,Customer 194,Home Office,Central,Office Supplies,Paper,532.1,10,0.15,149.99,First Class
ORD-2023-10162,2023-11-07,2023-11-10,CUST-295,Customer 295,Corporate,South,Office Supplies,Envelopes,309.15,4,0.2,62.02,Second Class
ORD-2023-10163,2023-12-27,2023-12-30,CUST-246,Customer 246,Consumer,East,Office Supplies,Paper,605.14,9,0.0,159.56,Second Class
ORD-2023-10164,2023-10-26,2023-10-30,CUST-133,Customer 133,Consumer,East,Office Supplies,Art,450.25,9,0.3,5.13,Same Day
ORD-2023-10165,2023-01-12,2023-01-16,CUST-111,Customer 111,Home Office,Central,Technology,Laptops,3582.29,7,0.0,1240.39,Standard Class
ORD-2023-10166,2023-08-30,2023-08-31,CUST-195,Customer 195,Consumer,Central,Furniture,Tables,4540.28,7,0.0,1200.16,Same Day
ORD-2023-10167,2023-12-05,2023-12-10,CUST-237,Customer 237,Consumer,West,Office Supplies,Storage,241.47,7,0.0,68.62,Second Class
ORD-2023-10168,2023-06-02,2023-06-06,CUST-217,Customer 217,Consumer,South,Office Supplies,Art,637.64,6,0.0,56.56,Second Class
ORD-2023-10169,2023-12-05,2023-12-09,CUST-252,Customer 252,Consumer,East,Technology,Laptops,618.76,1,0.0,173.22,Standard Class
ORD-2023-10170,2023-07-25,2023-07-29,CUST-228,Customer 228,Consumer,West,Office Supplies,Binders,293.49,5,0.2,70.86,Second Class
ORD-2023-10171,2023-12-11,2023-12-14,CUST-205,Customer 205,Home Office,West,Furniture,Tables,1488.08,5,0.3,48.09,Second Class
ORD-2023-10172,2023-11-17,2023-11-23,CUST-341,Customer 341,Consumer,South,Office Supplies,Art,390.57,7,0.0,62.87,First Class
ORD-2023-10173,2023-04-05,2023-04-10,CUST-306,Customer 306,Corporate,South,Technology,Laptops,7107.06,8,0.2,1585.57,Second Class
ORD-2023-10174,2023-07-18,2023-07-20,CUST-336,Customer 336,Home Office,Central,Technology,Accessories,8315.92,8,0.0,780.99,Standard Class
ORD-2023-10175,2023-07-13,2023-07-19,CUST-222,Customer 222,Home Office,East,Technology,Laptops,4251.79,4,0.0,,Second Class
ORD-2023-10176,2023-04-08,2023-04-14,CUST-201,Customer 201,Consumer,East,Office Supplies,Art,165.99,4,0.2,42.35,Second Class
ORD-2023-10177,2023-06-07,2023-06-10,CUST-305,Customer 305,Corporate,Central,Office Supplies,Art,232.88,8,0.1,44.66,Standard Class
ORD-2023-10178,2023-10-16,2023-10-18,CUST-175,Customer 175,Home Office,West,Technology,Accessories,1068.0,3,0.0,229.42,Same Day
ORD-2023-10179,2023-12-02,2023-12-08,CUST-217,Customer 217,Home Office,Central,Furniture,Furnishings,716.04,3,0.2,151.69,Same Day
ORD-2023-10180,2023-10-05,2023-10-11,CUST-295,Customer 295,Consumer,east ,Office Supplies,Paper,24.82,1,30.0%,-2.97,Standard Class
ORD-2023-10181,2023-04-22,2023-04-27,CUST-268,Customer 268,Home Office,South,Furniture,Chairs,3279.77,8,0.0,731.2,Same Day
ORD-2023-10182,2023-05-21,2023-05-26,CUST-335,Customer 335,Consumer,Central,Technology,Printers,1261.09,2,0.1,378.46,Standard Class
ORD-2023-10183,2023-05-17,2023-05-21,CUST-278,Customer 278,Corporate,East,Furniture,Furnishings,1661.52,4,0.3,3.19,Second Class
ORD-2023-10184,2023-02-17,2023-02-21,CUST-279,Customer 279,Consumer,South,Furniture,Furnishings,1631.08,3,0.1,379.68,Standard Class
ORD-2023-10185,2023-02-18,2023-02-23,CUST-169,Customer 169,Home Office,East,Technology,Laptops,896.29,1,0.2,208.07,Same Day
ORD-2023-10186,2023-01-17,2023-01-19,CUST-292,Customer 292,Home Office,Central,Technology,Laptops,6301.78,7,0.2,1924.28,Second Class
ORD-2023-10187,2023-07-19,2023-07-25,CUST-228,Customer 228,Home Office,Central,Furniture,Tables,1895.37,6,0.1,461.32,Standard Class
ORD-2023-10188,2023-11-11,2023-11-16,CUST-300,Customer 300,Home Office,South,Furniture,Chairs,2044.1,8,0.15,266.04,First Class
ORD-2023-10189,2023-10-27,2023-11-02,CUST-121,Customer 121,Consumer,South,Technology,Accessories,1091.76,5,0.3,-78.69,Standard Class
ORD-2023-10190,2023-07-04,2023-07-05,CUST-294,Customer 294,Corporate,East,Technology,Accessories,1029.37,5,0.2,236.53,First Class
ORD-2023-10191,2023-07-28,2023-07-29,CUST-252,Customer 252,Home Office,East,Technology,Accessories,8276.12,10,0.15,1528.65,Standard Class
ORD-2023-10192,2023-02-13,2023-02-19,CUST-143,Customer 143,Consumer,West,Office Supplies,Envelopes,78.16,3,0.0,15.43,Same Day
ORD-2023-10193,2023-08-04,2023-08-07,CUST-284,Customer 284,Corporate,South,Technology,Accessories,5569.18,8,0.1,455.71,Second Class
ORD-2023-10194,2023-07-22,2023-07-25,CUST-308,Customer 308,Corporate,South,Furniture,Furnishings,2788.12,10,0.0,583.64,Same Day
ORD-2023-10195,2023-04-01,2023-04-05,CUST-183,Customer 183,Home Office,Central,Furniture,Furnishings,3176.53,7,0.2,425.48,Second Class
ORD-2023-10196,2023-10-07,2023-10-09,CUST-212,Customer 212,Home Office,East,Office Supplies,Art,438.84,5,0.15,114.85,Second Class
ORD-2023-10197,2023-03-13,2023-03-19,CUST-283,Customer 283,Home Office,Central,Technology,Accessories,5822.26,7,0.15,1381.07,Second Class
ORD-2023-10198,2023-10-01,2023-10-06,CUST-127,Customer 127,Corporate,South,Office Supplies,Paper,324.68,4,0.0,75.35,Standard Class
ORD-2023-10199,2023-11-27,2023-12-03,CUST-125,Customer 125,Consumer,South,Furniture,Furnishings,1900.67,5,0.3,-66.43,Standard Class
ORD-2023-10200,08/17/2023,2023-08-20,CUST-223,Customer 223,Corporate,South,Furniture,Tables,911.04,2,0.3,-110.84,Standard Class
ORD-2023-10201,2023-06-09,2023-06-12,CUST-124,Customer 124,Corporate,South,Technology,Printers,7264.75,8,0.0,2170.35,Same Day
ORD-2023-10202,2023-02-28,2023-03-01,CUST-338,Customer 338,Home Office,Central,Office Supplies,Paper,157.79,4,0.15,53.46,Second Class
ORD-2023-10203,2023-04-29,2023-05-03,CUST-288,Customer 288,Corporate,West,Technology,Printers,10772.52,10,0.0,2911.58,Standard Class
ORD-2023-10204,2023-04-16,2023-04-19,CUST-193,Customer 193,Home Office,East,Office Supplies,Paper,427.26,6,0.15,95.06,Second Class
ORD-2023-10205,2023-11-24,2023-11-27,CUST-189,Customer 189,Home Office,South,Office Supplies,Art,417.95,6,0.3,4.23,Standard Class
ORD-2023-10206,2023-11-11,2023-11-16,CUST-161,Customer 161,Corporate,East,Office Supplies,Binders,108.59,5,0.15,20.95,Standard Class
ORD-2023-10207,2023-03-12,2023-03-17,CUST-242,Customer 242,Corporate,South,Furniture,Tables,425.81,3,0.15,105.28,Second Class
ORD-2023-10208,2023-07-03,2023-07-04,CUST-204,Customer 204,Corporate,South,Technology,Laptops,4691.3,8,0.0,1091.47,Same Day
ORD-2023-10209,2023-04-23,2023-04-26,CUST-143,Customer 143,Home Office,East,Furniture,Tables,3577.47,8,0.2,395.55,First Class
ORD-2023-10210,2023-02-28,2023-03-03,CUST-239,Customer 239,Home Office,Central,Office Supplies,Paper,405.23,4,0.0,,Same Day
ORD-2023-10211,2023-01-17,2023-01-21,CUST-298,Customer 298,Corporate,Central,Furniture,Chairs,1504.5,4,0.3,-42.05,Standard Class
ORD-2023-10212,2023-08-08,2023-08-10,CUST-236,Customer 236,Consumer,West,Technology,Laptops,3495.15,5,0.1,552.65,First Class
ORD-2023-10213,2023-05-17,2023-05-22,CUST-321,Customer 321,Consumer,East,Technology,Printers,2393.54,3,0.1,726.89,First Class
ORD-2023-10214,2023-12-13,2023-12-17,CUST-196,Customer 196,Home Office,South,Technology,Accessories,1559.19,8,0.15,341.8,Same Day
ORD-2023-10215,2023-05-23,2023-05-29,CUST-322,Customer 322,Corporate,Central,Furniture,Furnishings,655.63,2,0.1,202.94,Standard Class
ORD-2023-10216,2023-10-01,2023-10-05,CUST-182,Customer 182,Corporate,West,Furniture,Tables,1862.86,5,0.15,545.52,First Class
ORD-2023-10217,2023-12-16,2023-12-17,CUST-337,Customer 337,Consumer,East,Technology,Printers,1840.05,3,0.0,641.88,Standard Class
ORD-2023-10218,2023-03-09,2023-03-15,CUST-164,Customer 164,Consumer,Central,Technology,Accessories,918.74,2,0.15,228.69,First Class
ORD-2023-10219,2023-12-25,2023-12-27,CUST-100,Customer 100,Home Office,South,Office Supplies,Paper,97.67,4,0.3,-5.96,Standard Class
ORD-2023-10220,2023-01-05,2023-01-11,CUST-222,Customer 222,Home Office,Central,Technology,Printers,780.79,2,0.0,128.52,Second Class
ORD-2023-10221,2023-06-03,2023-06-05,CUST-256,Customer 256,Consumer,South,Technology,Laptops,1836.31,3,0.0,602.99,Standard Class
ORD-2023-10222,2023-11-12,2023-11-18,CUST-292,Customer 292,Consumer,South,Technology,Phones,1384.29,2,0.1,406.41,Second Class
ORD-2023-10223,2023-05-07,2023-05-10,CUST-317,Customer 317,Home Office,East,Technology,Accessories,1554.3,5,0.15,248.37,Standard Class
ORD-2023-10224,2023-01-28,2023-01-30,CUST-263,Customer 263,Consumer,South,Furniture,Chairs,5679.08,10,0.1,1886.36,Same Day
ORD-2023-10225,2023-03-09,2023-03-13,CUST-104,Customer 104,Corporate,south ,Furniture,Tables,2425.55,10,0.0,815.33,Standard Class
ORD-2023-10226,2023-07-23,2023-07-28,CUST-279,Customer 279,Corporate,Central,Office Supplies,Envelopes,489.92,7,0.1,50.25,Same Day
ORD-2023-10227,2023-02-10,2023-02-15,CUST-179,Customer 179,Corporate,West,Technology,Accessories,6415.19,7,0.0,2114.76,Standard Class
ORD-2023-10228,2023-03-01,2023-03-05,CUST-281,Customer 281,Consumer,East,Furniture,Tables,435.78,3,0.2,95.72,Standard Class
ORD-2023-10229,2023-05-13,2023-05-15,CUST-297,Customer 297,Home Office,Central,Technology,Accessories,451.59,1,0.1,122.98,Standard Class
ORD-2023-10230,2023-10-23,2023-10-29,CUST-114,Customer 114,Home Office,East,Furniture,Furnishings,1467.73,8,0.0,471.81,First Class
ORD-2023-10231,2023-12-12,2023-12-18,CUST-162,Customer 162,Consumer,East,Technology,Phones,645.35,1,0.0,147.96,Standard Class
ORD-2023-10232,2024-01-01,2024-01-07,CUST-334,Customer 334,Consumer,South,Technology,Accessories,2087.14,6,0.2,546.41,Same Day
ORD-2023-10233,2023-01-27,2023-01-29,CUST-324,Customer 324,Corporate,West,Office Supplies,Paper,353.41,8,0.0,81.05,Standard Class
ORD-2023-10234,2023-01-05,2023-01-08,CUST-218,Customer 218,Home Office,West,Furniture,Bookcases,2315.3,6,0.0,643.11,Second Class
ORD-2023-10235,2023-10-07,2023-10-09,CUST-238,Customer 238,Consumer,West,Technology,Printers,4415.79,6,0.1,355.01,Second Class
ORD-2023-10236,2023-12-03,2023-12-07,CUST-207,Customer 207,Home Office,Central,Technology,Laptops,8346.56,8,0.1,877.37,Second Class
ORD-2023-10237,2023-04-29,2023-05-04,CUST-248,Customer 248,Corporate,South,Office Supplies,Storage,85.41,2,0.2,19.93,Standard Class
ORD-2023-10238,2023-08-11,2023-08-17,CUST-337,Customer 337,Corporate,West,Technology,Accessories,5580.3,7,0.1,798.4,First Class
ORD-2023-10239,2023-04-14,2023-04-16,CUST-219,Customer 219,Consumer,East,Technology,Phones,3461.03,6,0.0,699.19,Same Day
ORD-2023-10240,2023-08-26,2023-08-29,CUST-311,Customer 311,Home Office,East,Technology,Laptops,1923.46,10,0.0%,523.21,First Class
ORD-2023-10240,2023-08-26,2023-08-29,CUST-311,Customer 311,Home Office,East,Technology,Laptops,1923.46,10,0.0%,523.21,First Class
ORD-2023-10241,2023-07-02,2023-07-06,CUST-107,Customer 107,Corporate,East,Office Supplies,Storage,493.59,7,0.0,101.06,Second Class
ORD-2023-10242,2023-03-13,2023-03-14,CUST-310,Customer 310,Consumer,East,Technology,Laptops,3028.77,7,0.2,721.61,Second Class
ORD-2023-10243,2023-02-08,2023-02-09,CUST-331,Customer 331,Consumer,East,Technology,Printers,1337.54,6,0.2,263.43,Standard Class
ORD-2023-10244,2023-07-22,2023-07-26,CUST-154,Customer 154,Consumer,East,Furniture,Furnishings,855.67,3,0.2,211.5,First Class
ORD-2023-10245,2023-05-06,2023-05-12,CUST-115,Customer 115,Home Office,Central,Furniture,Furnishings,264.14,2,0.2,,Same Day
ORD-2023-10246,2023-10-06,2023-10-07,CUST-188,Customer 188,Corporate,South,Office Supplies,Storage,268.02,10,0.1,64.65,Same Day
ORD-2023-10247,2023-01-16,2023-01-19,CUST-349,Customer 349,Home Office,East,Furniture,Bookcases,1023.24,3,0.3,-142.04,Second Class
ORD-2023-10248,2023-04-23,2023-04-28,CUST-251,Customer 251,Consumer,South,Furniture,Tables,3075.17,6,0.0,830.09,Second Class
ORD-2023-10249,2023-06-30,2023-07-05,CUST-144,Customer 144,Corporate,West,Office Supplies,Binders,609.46,8,0.0,135.39,First Class
ORD-2023-10250,01/01/2023,2023-01-04,CUST-335,Customer 335,Home Office,West,Technology,Accessories,1275.2,6,0.0,368.63,Second Class
ORD-2023-10251,2023-09-27,2023-09-30,CUST-186,Customer 186,Home Office,East,Furniture,Furnishings,2911.39,5,0.15,855.36,Standard Class
ORD-2023-10252,2023-09-07,2023-09-13,CUST-196,Customer 196,Consumer,Central,Technology,Accessories,4603.47,5,0.0,1547.56,Second Class
ORD-2023-10253,2023-10-21,2023-10-25,CUST-263,Customer 263,Home Office,East,Technology,Accessories,2593.16,10,0.0,374.09,Second Class
ORD-2023-10254,2023-06-13,2023-06-15,CUST-167,Customer 167,Corporate,East,Office Supplies,Storage,152.93,4,0.0,41.98,Standard Class
ORD-2023-10255,2023-01-25,2023-01-29,CUST-226,Customer 226,Consumer,South,Office Supplies,Art,566.55,7,0.2,144.9,Same Day
ORD-2023-10256,2023-12-18,2023-12-20,CUST-105,Customer 105,Consumer,West,Furniture,Chairs,739.14,6,0.15,91.24,First Class
ORD-2023-10257,2023-02-08,2023-02-13,CUST-210,Customer 210,Home Office,East,Furniture,Furnishings,942.85,3,0.1,127.75,Standard Class
ORD-2023-10258,2023-04-08,2023-04-12,CUST-124,Customer 124,Corporate,Central,Office Supplies,Storage,64.0,1,0.0,11.36,Second Class
ORD-2023-10259,2023-08-07,2023-08-08,CUST-124,Customer 124,Corporate,Central,Office Supplies,Envelopes,99.85,1,0.15,30.74,Second Class
ORD-2023-10260,2023-06-07,2023-06-11,CUST-147,Customer 147,Consumer,South,Furniture,Bookcases,1668.76,6,0.1,331.63,Same Day
ORD-2023-10261,2023-05-15,2023-05-17,CUST-121,Customer 121,Consumer,Central,Office Supplies,Paper,559.26,6,0.0,128.33,Standard Class
ORD-2023-10262,2023-07-18,2023-07-23,CUST-221,Customer 221,Home Office,South,Office Supplies,Art,354.29,5,0.2,82.99,Second Class
ORD-2023-10263,2023-09-22,2023-09-27,CUST-348,Customer 348,Consumer,West,Technology,Printers,2796.87,4,0.3,-175.98,Second Class
ORD-2023-10264,2023-11-18,2023-11-20,CUST-242,Customer 242,Consumer,Central,Furniture,Chairs,4277.75,7,0.0,1250.68,Same Day
ORD-2023-10265,2023-11-16,2023-11-21,CUST-245,Customer 245,Consumer,South,Technology,Printers,7618.11,10,0.0,1766.83,Second Class
ORD-2023-10266,2023-02-21,2023-02-24,CUST-246,Customer 246,Corporate,Central,Furniture,Bookcases,1494.11,10,0.2,365.07,Same Day
ORD-2023-10267,2023-12-22,2023-12-26,CUST-112,Customer 112,Home Office,East,Furniture,Bookcases,4580.35,8,0.1,750.98,Second Class
ORD-2023-10268,2023-09-09,2023-09-15,CUST-298,Customer 298,Corporate,East,Technology,Laptops,2597.35,6,0.0,517.56,Same Day
ORD-2023-10269,2023-07-28,2023-08-03,CUST-116,Customer 116,Consumer,South,Office Supplies,Storage,383.43,5,0.2,121.71,Second Class
ORD-2023-10270,2023-01-15,2023-01-17,CUST-216,Customer 216,Consumer,west ,Technology,Phones,946.84,1,0.15,204.88,Standard Class
ORD-2023-10271,2023-11-22,2023-11-23,CUST-145,Customer 145,Corporate,East,Technology,Accessories,5516.81,8,0.1,1556.95,Same Day
ORD-2023-10272,2023-12-19,2023-12-20,CUST-318,Customer 318,Consumer,Central,Technology,Printers,9688.22,10,0.0,2547.79,Second Class
ORD-2023-10273,2023-05-18,2023-05-24,CUST-221,Customer 221,Home Office,South,Office Supplies,Paper,29.51,3,0.1,7.21,Standard Class
ORD-2023-10274,2023-06-06,2023-06-12,CUST-164,Customer 164,Corporate,Central,Furniture,Furnishings,1699.53,4,0.15,404.17,Same Day
ORD-2023-10275,2023-01-04,2023-01-09,CUST-176,Customer 176,Home Office,Central,Office Supplies,Envelopes,72.74,2,0.1,22.74,First Class
ORD-2023-10276,2023-05-14,2023-05-20,CUST-330,Customer 330,Home Office,Central,Technology,Laptops,696.99,1,0.3,-60.0,Second Class
ORD-2023-10277,2023-03-13,2023-03-19,CUST-332,Customer 332,Corporate,East,Office Supplies,Art,415.14,7,0.2,124.68,First Class
ORD-2023-10278,2023-06-25,2023-07-01,CUST-332,Customer 332,Home Office,West,Office Supplies,Envelopes,491.86,6,0.2,63.4,Same Day
ORD-2023-10279,2023-02-19,2023-02-23,CUST-342,Customer 342,Home Office,West,Office Supplies,Storage,186.66,6,0.1,36.12,Second Class
ORD-2023-10280,2023-06-19,2023-06-22,CUST-220,Customer 220,Corporate,Central,Office Supplies,Storage,113.87,1,0.0,,Standard Class
ORD-2023-10281,2023-04-10,2023-04-15,CUST-205,Customer 205,Home Office,East,Office Supplies,Art,107.24,1,0.1,20.43,First Class
ORD-2023-10282,2023-10-19,2023-10-23,CUST-185,Customer 185,Consumer,West,Furniture,Tables,347.91,3,0.0,99.34,Same Day
ORD-2023-10283,2023-03-28,2023-04-02,CUST-262,Customer 262,Consumer,West,Furniture,Chairs,4749.52,7,0.0,1064.47,Same Day
ORD-2023-10284,2023-07-11,2023-07-12,CUST-260,Customer 260,Consumer,Central,Office Supplies,Binders,177.32,4,0.0,32.55,Standard Class
ORD-2023-10285,2023-10-29,2023-11-01,CUST-216,Customer 216,Corporate,West,Technology,Phones,6985.7,9,0.0,1205.3,First Class
ORD-2023-10286,2023-09-08,2023-09-11,CUST-157,Customer 157,Consumer,West,Technology,Printers,1115.25,3,0.0,199.61,Second Class
ORD-2023-10287,2023-11-30,2023-12-01,CUST-252,Customer 252,Home Office,South,Office Supplies,Storage,8.52,1,0.3,-1.08,Standard Class
ORD-2023-10288,2023-08-16,2023-08-20,CUST-152,Customer 152,Corporate,East,Office Supplies,Storage,74.59,1,0.1,18.51,Second Class
ORD-2023-10289,2023-12-25,2023-12-27,CUST-300,Customer 300,Corporate,South,Technology,Phones,1076.2,2,0.2,368.86,Standard Class
ORD-2023-10290,2023-07-03,2023-07-09,CUST-333,Customer 333,Consumer,South,Furniture,Tables,1512.05,4,0.0,395.16,Same Day
ORD-2023-10291,2023-02-26,2023-03-03,CUST-285,Customer 285,Home Office,South,Technology,Phones,1980.03,2,0.1,299.61,Standard Class
ORD-2023-10292,2023-01-26,2023-01-27,CUST-209,Customer 209,Corporate,West,Technology,Accessories,499.5,2,0.0,129.42,First Class
ORD-2023-10293,2023-03-29,2023-04-01,CUST-195,Customer 195,Home Office,Central,Furniture,Bookcases,1773.8,6,0.1,542.15,Standard Class
ORD-2023-10294,2023-12-20,2023-12-24,CUST-278,Customer 278,Consumer,South,Office Supplies,Binders,17.13,1,0.2,3.6,Second Class
ORD-2023-10295,2023-10-19,2023-10-25,CUST-320,Customer 320,Corporate,South,Technology,Printers,1675.95,3,0.15,154.88,Standard Class
ORD-2023-10296,2023-05-14,2023-05-20,CUST-232,Customer 232,Home Office,Central,Technology,Laptops,5497.72,9,0.3,-551.34,First Class
ORD-2023-10297,2023-06-27,2023-07-03,CUST-229,Customer 229,Consumer,South,Technology,Phones,7102.36,8,0.15,1183.05,Second Class
ORD-2023-10298,2023-06-19,2023-06-22,CUST-203,Customer 203,Home Office,East,Office Supplies,Binders,292.14,4,0.0,90.94,Same Day
ORD-2023-10299,2023-08-17,2023-08-20,CUST-205,Customer 205,Consumer,East,Furniture,Chairs,64.08,1,0.2,21.79,Same Day
ORD-2023-10300,11/23/2023,2023-11-26,CUST-311,Customer 311,Corporate,West,Office Supplies,Art,37.21,1,20.0%,9.0,First Class
ORD-2023-10301,2023-12-03,2023-12-06,CUST-100,Customer 100,Home Office,South,Technology,Phones,2509.9,6,0.2,554.53,Second Class
ORD-2023-10302,2023-12-26,2023-12-27,CUST-127,Customer 127,Consumer,East,Technology,Printers,3363.43,5,0.15,464.86,Same Day
ORD-2023-10303,2023-04-08,2023-04-14,CUST-297,Customer 297,Consumer,Central,Technology,Printers,4285.75,8,0.15,347.88,Standard Class
ORD-2023-10304,2023-01-25,2023-01-30,CUST-277,Customer 277,Home Office,South,Office Supplies,Art,149.74,10,0.3,-4.48,Second Class
ORD-2023-10305,2023-06-14,2023-06-19,CUST-346,Customer 346,Corporate,South,Furniture,Tables,1839.9,6,0.15,446.51,Same Day
ORD-2023-10306,2023-09-20,2023-09-23,CUST-151,Customer 151,Home Office,Central,Office Supplies,Envelopes,134.35,4,0.3,-16.59,Second Class
ORD-2023-10307,2023-12-30,2024-01-05,CUST-281,Customer 281,Home Office,West,Office Supplies,Envelopes,103.75,2,0.3,-0.83,First Class
ORD-2023-10308,2023-12-12,2023-12-18,CUST-106,Customer 106,Home Office,Central,Furniture,Chairs,3468.9,7,0.0,1198.69,Standard Class
ORD-2023-10309,2023-12-16,2023-12-19,CUST-191,Customer 191,Consumer,West,Technology,Accessories,2060.83,8,0.0,577.96,Standard Class
ORD-2023-10310,2023-10-15,2023-10-19,CUST-337,Customer 337,Home Office,West,Office Supplies,Storage,739.25,7,0.1,251.92,Standard Class
ORD-2023-10311,2023-01-28,2023-01-29,CUST-293,Customer 293,Consumer,Central,Technology,Printers,7239.46,10,0.0,1154.17,First Class
ORD-2023-10312,2023-04-01,2023-04-07,CUST-196,Customer 196,Home Office,East,Technology,Laptops,479.95,1,0.2,148.03,Standard Class
ORD-2023-10313,2023-01-03,2023-01-06,CUST-337,Customer 337,Consumer,South,Office Supplies,Binders,330.92,6,0.3,-29.71,Second Class
ORD-2023-10314,2023-10-21,2023-10-26,CUST-344,Customer 344,Home Office,Central,Technology,Accessories,1671.93,3,0.2,376.18,Second Class
ORD-2023-10315,2023-02-17,2023-02-20,CUST-175,Customer 175,Corporate,west ,Technology,Accessories,3673.04,4,0.2,,First Class
ORD-2023-10316,2023-11-29,2023-11-30,CUST-331,Customer 331,Corporate,East,Office Supplies,Storage,129.48,10,0.1,23.69,Second Class
ORD-2023-10317,2023-02-28,2023-03-04,CUST-231,Customer 231,Consumer,Central,Office Supplies,Storage,979.3,9,0.0,163.04,First Class
ORD-2023-10318,2023-02-12,2023-02-13,CUST-153,Customer 153,Consumer,West,Office Supplies,Envelopes,68.58,4,0.2,20.83,Standard Class
ORD-2023-10319,2023-08-11,2023-08-17,CUST-283,Customer 283,Consumer,East,Office Supplies,Binders,159.73,6,0.1,36.85,Same Day
ORD-2023-10320,2023-10-22,2023-10-24,CUST-210,Customer 210,Corporate,Central,Furniture,Furnishings,2089.27,6,0.3,-12.42,Same Day
ORD-2023-10320,2023-10-22,2023-10-24,CUST-210,Customer 210,Corporate,Central,Furniture,Furnishings,2089.27,6,0.3,-12.42,Same Day
ORD-2023-10321,2023-02-02,2023-02-08,CUST-174,Customer 174,Corporate,East,Office Supplies,Paper,475.73,5,0.15,88.81,Standard Class
ORD-2023-10322,2023-12-05,2023-12-06,CUST-303,Customer 303,Consumer,South,Technology,Laptops,2896.28,9,0.3,-59.12,Same Day
ORD-2023-10323,2023-01-06,2023-01-11,CUST-237,Customer 237,Consumer,West,Technology,Phones,7209.27,9,0.3,-585.61,Same Day
ORD-2023-10324,2023-07-31,2023-08-06,CUST-149,Customer 149,Consumer,West,Technology,Laptops,544.68,2,0.2,111.41,First Class
ORD-2023-10325,2023-10-09,2023-10-10,CUST-150,Customer 150,Corporate,Central,Office Supplies,Paper,168.73,10,0.3,-17.39,Standard Class
ORD-2023-10326,2023-05-26,2023-05-31,CUST-184,Customer 184,Corporate,East,Technology,Accessories,6739.15,10,0.2,1202.35,Same Day
ORD-2023-10327,2023-06-11,2023-06-15,CUST-282,Customer 282,Consumer,West,Technology,Accessories,2775.24,7,0.1,879.83,Second Class
ORD-2023-10328,2023-08-25,2023-08-29,CUST-144,Customer 144,Home Office,Central,Furniture,Furnishings,2031.86,10,0.2,270.31,Standard Class
ORD-2023-10329,2023-11-17,2023-11-18,CUST-296,Customer 296,Home Office,East,Technology,Phones,2987.19,10,0.2,619.75,Same Day
ORD-2023-10330,2023-03-18,2023-03-21,CUST-228,Customer 228,Consumer,South,Technology,Accessories,2205.74,9,0.0,681.47,Same Day
ORD-2023-10331,2023-11-11,2023-11-17,CUST-145,Customer 145,Corporate,West,Office Supplies,Binders,815.16,10,0.3,-2.93,Second Class
ORD-2023-10332,2023-07-03,2023-07-04,CUST-194,Customer 194,Consumer,West,Furniture,Tables,749.52,4,0.1,138.5,First Class
ORD-2023-10333,2023-08-21,2023-08-22,CUST-313,Customer 313,Consumer,East,Office Supplies,Storage,218.59,5,0.15,39.05,First Class
ORD-2023-10334,2023-12-01,2023-12-02,CUST-190,Customer 190,Home Office,Central,Furniture,Tables,1818.76,6,0.2,578.64,Same Day
ORD-2023-10335,2023-08-14,2023-08-16,CUST-147,Customer 147,Consumer,West,Technology,Accessories,1591.0,3,0.0,305.39,Second Class
ORD-2023-10336,2023-06-19,2023-06-25,CUST-251,Customer 251,Corporate,East,Furniture,Furnishings,1004.27,3,0.0,235.84,Second Class
ORD-2023-10337,2023-03-24,2023-03-26,CUST-166,Customer 166,Consumer,East,Office Supplies,Binders,244.9,3,0.3,-35.82,Second Class
ORD-2023-10338,2023-12-05,2023-12-08,CUST-322,Customer 322,Home Office,East,Technology,Printers,2106.21,8,0.2,635.07,Same Day
ORD-2023-10339,2023-04-04,2023-04-09,CUST-158,Customer 158,Corporate,Central,Technology,Accessories,3106.52,7,0.2,822.54,Standard Class
ORD-2023-10340,2023-03-18,2023-03-23,CUST-324,Customer 324,Home Office,East,Technology,Printers,6106.46,9,0.0,1975.66,Standard Class
ORD-2023-10341,2023-10-04,2023-10-05,CUST-278,Customer 278,Corporate,South,Office Supplies,Art,482.21,9,0.15,84.21,Standard Class
ORD-2023-10342,2023-12-23,2023-12-28,CUST-296,Customer 296,Corporate,East,Furniture,Tables,422.29,4,0.2,80.38,Same Day
ORD-2023-10343,2023-04-07,2023-04-08,CUST-196,Customer 196,Consumer,East,Office Supplies,Envelopes,199.4,4,0.0,38.89,Standard Class
ORD-2023-10344,2023-10-27,2023-10-30,CUST-256,Customer 256,Home Office,Central,Office Supplies,Art,129.63,5,0.2,37.8,First Class
ORD-2023-10345,2023-09-05,2023-09-07,CUST-178,Customer 178,Corporate,Central,Office Supplies,Envelopes,636.55,10,0.3,-80.32,First Class
ORD-2023-10346,2023-04-28,2023-05-02,CUST-301,Customer 301,Home Office,West,Technology,Laptops,5945.38,6,0.0,733.66,Same Day
ORD-2023-10347,2023-11-22,2023-11-23,CUST-122,Customer 122,Home Office,East,Technology,Printers,596.75,2,0.3,-43.64,Same Day
ORD-2023-10348,2023-07-25,2023-07-30,CUST-263,Customer 263,Consumer,Central,Office Supplies,Envelopes,526.45,8,0.2,82.77,Second Class
ORD-2023-10349,2023-01-18,2023-01-23,CUST-192,Customer 192,Home Office,West,Office Supplies,Binders,70.39,4,0.1,20.45,Standard Class
ORD-2023-10350,06/30/2023,2023-07-06,CUST-288,Customer 288,Home Office,South,Furniture,Tables,673.2,2,0.2,,Standard Class
ORD-2023-10351,2023-06-28,2023-07-01,CUST-247,Customer 247,Corporate,Central,Technology,Laptops,424.16,1,0.0,91.56,Same Day
ORD-2023-10352,2023-06-24,2023-06-25,CUST-347,Customer 347,Corporate,Central,Office Supplies,Envelopes,555.27,7,0.15,146.61,Same Day
ORD-2023-10353,2023-10-28,2023-10-29,CUST-262,Customer 262,Consumer,South,Technology,Accessories,3098.73,4,0.1,680.04,Same Day
ORD-2023-10354,2023-01-05,2023-01-11,CUST-272,Customer 272,Consumer,Central,Technology,Accessories,1241.08,6,0.1,172.53,Same Day
ORD-2023-10355,2023-10-21,2023-10-24,CUST-160,Customer 160,Corporate,West,Office Supplies,Binders,129.22,4,0.0,39.52,Second Class
ORD-2023-10356,2023-07-02,2023-07-04,CUST-257,Customer 257,Home Office,East,Technology,Phones,809.59,1,0.15,145.91,Same Day
ORD-2023-10357,2023-06-11,2023-06-15,CUST-201,Customer 201,Home Office,Central,Furniture,Tables,542.34,4,0.15,113.43,First Class
ORD-2023-10358,2023-10-04,2023-10-05,CUST-278,Customer 278,Corporate,Central,Furniture,Tables,4565.79,9,0.0,833.01,Standard Class
ORD-2023-10359,2023-02-21,2023-02-24,CUST-160,Customer 160,Consumer,Central,Office Supplies,Storage,213.57,5,0.15,41.53,First Class
ORD-2023-10360,2023-08-03,2023-08-09,CUST-146,Customer 146,Corporate,central ,Furniture,Furnishings,4370.53,10,0.0%,1200.24,Same Day
ORD-2023-10361,2023-05-01,2023-05-06,CUST-221,Customer 221,Consumer,South,Furniture,Tables,272.83,1,0.3,-12.71,Second Class
ORD-2023-10362,2023-06-11,2023-06-15,CUST-276,Customer 276,Corporate,Central,Furniture,Chairs,1227.59,3,0.3,-160.49,Standard Class
ORD-2023-10363,2023-06-21,2023-06-24,CUST-205,Customer 205,Corporate,Central,Furniture,Bookcases,802.15,2,0.2,188.9,Standard Class
ORD-2023-10364,2023-11-29,2023-12-04,CUST-298,Customer 298,Corporate,West,Furniture,Bookcases,1771.08,8,0.3,73.18,Same Day
ORD-2023-10365,2023-03-27,2023-04-02,CUST-141,Customer 141,Consumer,Central,Furniture,Furnishings,1492.91,6,0.1,363.45,Standard Class
ORD-2023-10366,2023-07-22,2023-07-25,CUST-147,Customer 147,Corporate,South,Furniture,Furnishings,157.83,1,0.3,-1.56,Second Class
ORD-2023-10367,2023-02-10,2023-02-12,CUST-339,Customer 339,Consumer,West,Furniture,Chairs,770.77,8,0.0,83.29,Standard Class
ORD-2023-10368,2023-11-13,2023-11-15,CUST-163,Customer 163,Corporate,East,Office Supplies,Art,339.71,5,0.0,29.8,Second Class
ORD-2023-10369,2023-12-06,2023-12-09,CUST-240,Customer 240,Home Office,Central,Furniture,Furnishings,4275.59,8,0.2,1031.9,First Class
ORD-2023-10370,2023-11-20,2023-11-26,CUST-223,Customer 223,Corporate,South,Office Supplies,Envelopes,335.57,9,0.15,50.39,First Class
ORD-2023-10371,2023-06-05,2023-06-06,CUST-220,Customer 220,Corporate,East,Office Supplies,Binders,873.36,9,0.15,140.52,First Class
ORD-2023-10372,2023-08-09,2023-08-12,CUST-325,Customer 325,Consumer,West,Technology,Accessories,3836.46,9,0.3,-276.44,Same Day
ORD-2023-10373,2023-07-13,2023-07-15,CUST-232,Customer 232,Home Office,Central,Technology,Printers,6985.68,10,0.3,-304.65,Second Class
ORD-2023-10374,2023-05-18,2023-05-22,CUST-128,Customer 128,Consumer,West,Technology,Laptops,6388.93,8,0.0,1064.23,First Class
ORD-2023-10375,2023-03-19,2023-03-20,CUST-132,Customer 132,Corporate,East,Technology,Phones,6211.54,8,0.15,861.17,First Class
ORD-2023-10376,2023-08-04,2023-08-07,CUST-184,Customer 184,Home Office,South,Furniture,Furnishings,1139.03,2,0.15,113.08,Standard Class
ORD-2023-10377,2023-08-29,2023-08-31,CUST-349,Customer 349,Consumer,West,Furniture,Furnishings,2737.93,4,0.0,366.28,Standard Class
ORD-2023-10378,2023-02-18,2023-02-23,CUST-339,Customer 339,Home Office,West,Furniture,Furnishings,2551.23,6,0.2,562.93,First Class
ORD-2023-10379,2023-05-10,2023-05-14,CUST-349,Customer 349,Consumer,Central,Technology,Accessories,715.98,2,0.1,170.31,Second Class
ORD-2023-10380,2023-07-22,2023-07-24,CUST-195,Customer 195,Home Office,East,Technology,Printers,740.09,2,0.1,245.21,Second Class
ORD-2023-10381,2023-11-17,2023-11-18,CUST-132,Customer 132,Home Office,East,Furniture,Tables,4958.2,8,0.1,1475.02,Standard Class
ORD-2023-10382,2023-08-13,2023-08-19,CUST-164,Customer 164,Corporate,West,Technology,Printers,461.7,1,0.3,-24.0,Second Class
ORD-2023-10383,2023-10-18,2023-10-20,CUST-117,Customer 117,Corporate,Central,Furniture,Furnishings,2132.87,9,0.1,432.12,Second Class
ORD-2023-10384,2023-11-23,2023-11-28,CUST-298,Customer 298,Consumer,South,Office Supplies,Binders,659.29,10,0.2,198.54,First Class
ORD-2023-10385,2023-04-08,2023-04-13,CUST-182,Customer 182,Home Office,South,Office Supplies,Binders,472.86,7,0.0,,First Class
ORD-2023-10386,2023-03-08,2023-03-10,CUST-125,Customer 125,Corporate,East,Technology,Phones,599.65,1,0.2,149.0,Second Class
ORD-2023-10387,2023-10-30,2023-11-02,CUST-103,Customer 103,Home Office,East,Furniture,Tables,2229.08,4,0.15,660.42,Standard Class
ORD-2023-10388,2023-02-01,2023-02-04,CUST-235,Customer 235,Home Office,South,Furniture,Chairs,597.36,1,0.0,202.72,First Class
ORD-2023-10389,2023-02-19,2023-02-20,CUST-234,Customer 234,Consumer,West,Office Supplies,Art,228.57,4,0.2,43.91,Second Class
ORD-2023-10390,2023-02-24,2023-03-02,CUST-326,Customer 326,Home Office,Central,Office Supplies,Art,97.51,2,0.1,25.11,Same Day
ORD-2023-10391,2023-10-01,2023-10-06,CUST-316,Customer 316,Home Office,South,Furniture,Bookcases,2552.09,6,0.1,623.4,First Class
ORD-2023-10392,2023-10-16,2023-10-21,CUST-214,Customer 214,Corporate,West,Furniture,Bookcases,710.44,7,0.0,156.12,Same Day
ORD-2023-10393,2023-06-04,2023-06-05,CUST-297,Customer 297,Corporate,Central,Technology,Laptops,4460.27,5,0.2,543.14,Standard Class
ORD-2023-10394,2023-01-20,2023-01-24,CUST-327,Customer 327,Corporate,Central,Technology,Laptops,3298.8,10,0.2,619.99,First Class
ORD-2023-10395,2023-04-22,2023-04-28,CUST-224,Customer 224,Corporate,East,Office Supplies,Storage,806.48,10,0.0,223.65,Second Class
ORD-2023-10396,2023-10-23,2023-10-27,CUST-206,Customer 206,Corporate,East,Technology,Accessories,1701.24,2,0.2,562.66,Same Day
ORD-2023-10397,2023-11-21,2023-11-27,CUST-181,Customer 181,Home Office,South,Technology,Accessories,6688.43,9,0.0,626.31,Standard Class
ORD-2023-10398,2023-07-21,2023-07-25,CUST-137,Customer 137,Corporate,East,Technology,Printers,1207.14,3,0.2,226.68,Same Day
ORD-2023-10399,2023-02-13,2023-02-17,CUST-243,Customer 243,Consumer,South,Office Supplies,Binders,101.03,4,0.2,35.28,Same Day
ORD-2023-10400,09/26/2023,2023-09-28,CUST-275,Customer 275,Corporate,West,Technology,Accessories,2196.67,10,0.1,288.71,First Class
ORD-2023-10400,09/26/2023,2023-09-28,CUST-275,Customer 275,Corporate,West,Technology,Accessories,2196.67,10,0.1,288.71,First Class
ORD-2023-10401,2023-06-26,2023-07-01,CUST-259,Customer 259,Corporate,East,Furniture,Tables,1371.33,3,0.3,-103.17,Same Day
ORD-2023-10402,2023-02-13,2023-02-14,CUST-187,Customer 187,Corporate,East,Technology,Laptops,658.52,2,0.3,-27.92,Standard Class
ORD-2023-10403,2023-04-15,2023-04-20,CUST-277,Customer 277,Home Office,Central,Office Supplies,Art,61.15,1,0.1,7.7,Second Class
ORD-2023-10404,2023-05-26,2023-05-28,CUST-117,Customer 117,Home Office,Central,Technology,Printers,5313.37,7,0.1,1664.98,Standard Class
ORD-2023-10405,2023-01-10,2023-01-13,CUST-331,Customer 331,Home Office,south ,Technology,Printers,3953.37,6,0.0,850.67,Standard Class
ORD-2023-10406,2023-08-23,2023-08-28,CUST-185,Customer 185,Home Office,East,Technology,Laptops,4054.1,8,0.1,713.33,First Class
ORD-2023-10407,2023-06-04,2023-06-06,CUST-341,Customer 341,Corporate,Central,Technology,Accessories,8771.28,9,0.15,2257.48,Standard Class
ORD-2023-10408,2023-02-14,2023-02-20,CUST-206,Customer 206,Home Office,South,Office Supplies,Envelopes,141.96,4,0.2,23.98,Second Class
ORD-2023-10409,2023-10-05,2023-10-07,CUST-320,Customer 320,Home Office,West,Office Supplies,Binders,202.86,3,0.0,39.78,Second Class
ORD-2023-10410,2023-03-16,2023-03-22,CUST-147,Customer 147,Home Office,West,Furniture,Chairs,919.21,6,0.1,291.97,Standard Class
ORD-2023-10411,2023-07-31,2023-08-04,CUST-127,Customer 127,Consumer,Central,Furniture,Bookcases,1492.34,3,0.1,363.4,Second Class
ORD-2023-10412,2023-11-10,2023-11-12,CUST-276,Customer 276,Corporate,West,Technology,Phones,1628.43,8,0.3,-122.47,Standard Class
ORD-2023-10413,2023-07-18,2023-07-22,CUST-108,Customer 108,Consumer,South,Technology,Laptops,5668.96,7,0.15,794.16,Second Class
ORD-2023-10414,2023-12-10,2023-12-12,CUST-276,Customer 276,Corporate,West,Technology,Laptops,6360.68,6,0.0,1552.9,Same Day
ORD-2023-10415,2023-07-14,2023-07-20,CUST-215,Customer 215,Home Office,Central,Furniture,Chairs,680.31,8,0.2,153.22,Standard Class
ORD-2023-10416,2023-01-21,2023-01-26,CUST-212,Customer 212,Consumer,South,Office Supplies,Paper,290.15,7,0.0,56.31,First Class
ORD-2023-10417,2023-11-10,2023-11-11,CUST-146,Customer 146,Consumer,West,Furniture,Furnishings,4348.52,10,0.15,727.66,Standard Class
ORD-2023-10418,2023-01-13,2023-01-15,CUST-164,Customer 164,Corporate,South,Office Supplies,Binders,409.98,6,0.3,-1.37,Standard Class
ORD-2023-10419,2023-02-16,2023-02-17,CUST-286,Customer 286,Consumer,South,Office Supplies,Storage,634.84,9,0.0,182.47,Same Day
ORD-2023-10420,2023-06-21,2023-06-26,CUST-207,Customer 207,Consumer,West,Technology,Laptops,1662.48,5,30.0%,,Standard Class
ORD-2023-10421,2023-03-09,2023-03-11,CUST-227,Customer 227,Consumer,East,Office Supplies,Storage,856.78,8,0.0,118.71,Same Day
ORD-2023-10422,2023-12-04,2023-12-08,CUST-162,Customer 162,Consumer,South,Furniture,Furnishings,4227.79,9,0.0,394.06,Standard Class
ORD-2023-10423,2023-03-17,2023-03-18,CUST-184,Customer 184,Consumer,Central,Technology,Laptops,282.08,2,0.3,-26.27,First Class
ORD-2023-10424,2023-12-05,2023-12-11,CUST-296,Customer 296,Consumer,West,Furniture,Bookcases,2704.99,5,0.15,832.31,Standard Class
ORD-2023-10425,2023-02-03,2023-02-06,CUST-184,Customer 184,Home Office,South,Technology,Phones,5260.01,9,0.0,576.03,First Class
ORD-2023-10426,2023-11-19,2023-11-24,CUST-166,Customer 166,Corporate,East,Furniture,Bookcases,3358.16,9,0.2,778.8,First Class
ORD-2023-10427,2023-09-24,2023-09-30,CUST-281,Customer 281,Home Office,South,Furniture,Tables,283.43,5,0.3,2.65,Second Class
ORD-2023-10428,2023-04-17,2023-04-22,CUST-243,Customer 243,Corporate,South,Furniture,Chairs,818.94,4,0.0,133.57,First Class
ORD-2023-10429,2023-09-17,2023-09-22,CUST-187,Customer 187,Home Office,Central,Technology,Phones,6374.32,7,0.0,843.86,First Class
ORD-2023-10430,2023-06-23,2023-06-29,CUST-223,Customer 223,Home Office,South,Furniture,Chairs,1709.31,3,0.1,350.18,Second Class
ORD-2023-10431,2023-07-31,2023-08-06,CUST-242,Customer 242,Home Office,East,Office Supplies,Storage,376.56,9,0.1,36.86,First Class
ORD-2023-10432,2023-03-18,2023-03-21,CUST-246,Customer 246,Home Office,East,Furniture,Furnishings,4041.17,10,0.1,1092.82,Second Class
ORD-2023-10433,2023-06-11,2023-06-17,CUST-324,Customer 324,Consumer,East,Furniture,Furnishings,1901.64,4,0.2,307.35,Same Day
ORD-2023-10434,2023-02-27,2023-03-02,CUST-304,Customer 304,Corporate,East,Technology,Phones,7481.38,8,0.15,2078.02,Standard Class
ORD-2023-10435,2023-09-26,2023-09-29,CUST-152,Customer 152,Home Office,Central,Technology,Phones,632.34,1,0.0,103.68,Second Class
ORD-2023-10436,2023-01-23,2023-01-29,CUST-233,Customer 233,Consumer,East,Furniture,Furnishings,2751.33,5,0.0,458.48,Standard Class
ORD-2023-10437,2023-04-09,2023-04-12,CUST-169,Customer 169,Corporate,Central,Office Supplies,Storage,276.99,3,0.2,60.6,Standard Class
ORD-2023-10438,2023-04-16,2023-04-21,CUST-341,Customer 341,Corporate,Central,Office Supplies,Storage,199.13,5,0.1,44.99,Second Class
ORD-2023-10439,2023-01-26,2023-01-28,CUST-113,Customer 113,Consumer,East,Furniture,Chairs,305.55,2,0.2,76.37,Same Day
ORD-2023-10440,2023-12-20,2023-12-26,CUST-309,Customer 309,Corporate,South,Office Supplies,Storage,233.52,4,0.15,54.48,First Class
ORD-2023-10441,2023-02-17,2023-02-23,CUST-220,Customer 220,Corporate,South,Technology,Printers,4121.35,4,0.1,1345.51,Same Day
ORD-2023-10442,2023-07-20,2023-07-22,CUST-116,Customer 116,Corporate,Central,Furniture,Furnishings,2712.7,8,0.1,779.48,Standard Class
ORD-2023-10443,2023-11-06,2023-11-11,CUST-183,Customer 183,Corporate,West,Office Supplies,Paper,524.81,9,0.15,125.66,Standard Class
ORD-2023-10444,2023-05-03,2023-05-08,CUST-116,Customer 116,Corporate,West,Office Supplies,Binders,292.87,6,0.15,68.28,Same Day
ORD-2023-10445,2023-06-25,2023-06-30,CUST-129,Customer 129,Home Office,West,Technology,Phones,6594.97,10,0.15,841.3,Same Day
ORD-2023-10446,2023-07-27,2023-07-28,CUST-226,Customer 226,Corporate,East,Office Supplies,Envelopes,75.32,1,0.3,0.9,First Class
ORD-2023-10447,2023-03-17,2023-03-23,CUST-150,Customer 150,Corporate,West,Furniture,Bookcases,773.61,4,0.3,-68.92,Same Day
ORD-2023-10448,2023-08-11,2023-08-17,CUST-316,Customer 316,Home Office,Central,Technology,Phones,3135.39,3,0.0,251.55,Same Day
ORD-2023-10449,2023-10-14,2023-10-17,CUST-279,Customer 279,Consumer,East,Furniture,Chairs,2356.53,10,0.15,465.42,Same Day
ORD-2023-10450,04/19/2023,2023-04-25,CUST-315,Customer 315,Consumer,west ,Furniture,Tables,737.71,6,0.3,-92.13,Same Day
ORD-2023-10451,2023-01-06,2023-01-07,CUST-349,Customer 349,Home Office,East,Technology,Printers,609.19,3,0.15,195.71,Same Day
ORD-2023-10452,2023-12-23,2023-12-28,CUST-241,Customer 241,Corporate,South,Office Supplies,Binders,453.8,8,0.0,107.12,Same Day
ORD-2023-10453,2023-05-02,2023-05-08,CUST-245,Customer 245,Consumer,Central,Furniture,Bookcases,840.91,8,0.3,-112.67,Standard Class
ORD-2023-10454,2023-09-27,2023-09-30,CUST-162,Customer 162,Home Office,South,Office Supplies,Paper,467.93,8,0.3,-10.89,Standard Class
ORD-2023-10455,2023-10-24,2023-10-27,CUST-231,Customer 231,Corporate,East,Furniture,Chairs,2055.88,8,0.1,,Same Day
ORD-2023-10456,2023-01-19,2023-01-25,CUST-261,Customer 261,Corporate,Central,Office Supplies,Envelopes,591.81,8,0.1,176.6,Standard Class
ORD-2023-10457,2023-11-16,2023-11-17,CUST-317,Customer 317,Consumer,Central,Furniture,Chairs,2078.08,5,0.1,174.22,Standard Class
ORD-2023-10458,2023-02-27,2023-03-04,CUST-194,Customer 194,Home Office,West,Office Supplies,Binders,152.02,3,0.2,47.54,Same Day
ORD-2023-10459,2023-06-25,2023-06-26,CUST-297,Customer 297,Corporate,West,Office Supplies,Binders,560.93,7,0.0,132.38,Same Day
ORD-2023-10460,2023-06-26,2023-06-27,CUST-202,Customer 202,Consumer,Central,Technology,Phones,2985.19,8,0.2,427.15,Same Day
ORD-2023-10461,2023-12-16,2023-12-22,CUST-103,Customer 103,Consumer,South,Furniture,Bookcases,1433.08,5,0.2,378.87,Same Day
ORD-2023-10462,2023-01-22,2023-01-23,CUST-168,Customer 168,Corporate,Central,Furniture,Bookcases,619.07,2,0.3,-0.11,First Class
ORD-2023-10463,2023-12-11,2023-12-16,CUST-180,Customer 180,Home Office,West,Office Supplies,Storage,133.68,9,0.15,14.22,Second Class
ORD-2023-10464,2023-02-23,2023-03-01,CUST-164,Customer 164,Home Office,South,Furniture,Tables,1484.88,4,0.2,382.04,First Class
ORD-2023-10465,2023-04-22,2023-04-27,CUST-196,Customer 196,Consumer,East,Office Supplies,Paper,221.93,10,0.0,32.93,Second Class
ORD-2023-10466,2023-08-28,2023-09-03,CUST-277,Customer 277,Corporate,East,Office Supplies,Art,243.01,6,0.0,44.56,Same Day
ORD-2023-10467,2023-06-20,2023-06-21,CUST-225,Customer 225,Corporate,Central,Furniture,Tables,762.54,4,0.0,172.31,Standard Class
ORD-2023-10468,2023-08-09,2023-08-11,CUST-118,Customer 118,Consumer,East,Furniture,Bookcases,400.13,2,0.15,48.09,Standard Class
ORD-2023-10469,2023-11-24,2023-11-25,CUST-279,Customer 279,Corporate,East,Office Supplies,Art,340.13,6,0.15,71.12,Second Class
ORD-2023-10470,2023-07-26,2023-08-01,CUST-344,Customer 344,Consumer,East,Office Supplies,Binders,857.35,8,0.1,226.42,Same Day
ORD-2023-10471,2023-07-25,2023-07-26,CUST-294,Customer 294,Consumer,East,Furniture,Bookcases,805.39,5,0.15,208.11,Same Day
ORD-2023-10472,2023-06-03,2023-06-09,CUST-326,Customer 326,Corporate,South,Technology,Accessories,5163.71,8,0.3,254.45,Standard Class
ORD-2023-10473,2023-05-03,2023-05-07,CUST-347,Customer 347,Corporate,South,Technology,Accessories,188.89,1,0.0,35.79,Same Day
ORD-2023-10474,2023-04-19,2023-04-25,CUST-336,Customer 336,Consumer,South,Office Supplies,Envelopes,139.27,2,0.15,45.25,Second Class
ORD-2023-10475,2023-11-13,2023-11-14,CUST-261,Customer 261,Consumer,West,Office Supplies,Binders,16.56,1,0.2,2.09,Second Class
ORD-2023-10476,2023-10-30,2023-10-31,CUST-116,Customer 116,Home Office,East,Technology,Printers,1673.06,4,0.3,-116.44,Second Class
ORD-2023-10477,2023-03-03,2023-03-09,CUST-185,Customer 185,Consumer,West,Furniture,Tables,234.59,2,0.3,-17.83,Second Class
ORD-2023-10478,2023-03-26,2023-03-30,CUST-302,Customer 302,Consumer,West,Office Supplies,Paper,1067.59,10,0.0,87.24,Standard Class
ORD-2023-10479,2023-04-02,2023-04-03,CUST-152,Customer 152,Home Office,Central,Furniture,Furnishings,1212.94,3,0.0,296.98,Second Class
ORD-2023-10480,2023-01-20,2023-01-25,CUST-260,Customer 260,Home Office,West,Office Supplies,Art,179.6,5,0.0%,62.21,Standard Class
ORD-2023-10480,2023-01-20,2023-01-25,CUST-260,Customer 260,Home Office,West,Office Supplies,Art,179.6,5,0.0%,62.21,Standard Class
ORD-2023-10481,2023-02-18,2023-02-23,CUST-297,Customer 297,Consumer,Central,Office Supplies,Envelopes,273.36,4,0.3,5.13,Same Day
ORD-2023-10482,2023-08-31,2023-09-04,CUST-172,Customer 172,Consumer,West,Technology,Phones,2061.78,4,0.15,189.06,First Class
ORD-2023-10483,2023-01-27,2023-02-01,CUST-118,Customer 118,Corporate,West,Technology,Phones,3629.89,4,0.0,1022.59,Standard Class
ORD-2023-10484,2023-06-16,2023-06-18,CUST-288,Customer 288,Consumer,East,Furniture,Tables,1861.34,7,0.15,442.95,Second Class
ORD-2023-10485,2023-01-28,2023-02-01,CUST-195,Customer 195,Consumer,West,Technology,Printers,1702.69,3,0.1,229.18,Same Day
ORD-2023-10486,2023-03-07,2023-03-08,CUST-217,Customer 217,Consumer,East,Furniture,Tables,1640.9,7,0.2,200.74,Same Day
ORD-2023-10487,2023-11-23,2023-11-28,CUST-205,Customer 205,Consumer,West,Office Supplies,Envelopes,574.32,9,0.15,89.24,Standard Class
ORD-2023-10488,2023-08-08,2023-08-14,CUST-328,Customer 328,Corporate,West,Technology,Accessories,9720.3,10,0.15,3350.1,Second Class
ORD-2023-10489,2023-01-21,2023-01-25,CUST-215,Customer 215,Corporate,East,Furniture,Furnishings,2387.07,8,0.3,-163.94,Standard Class
ORD-2023-10490,2023-04-22,2023-04-24,CUST-104,Customer 104,Home Office,Central,Furniture,Tables,1154.03,8,0.2,,Standard Class
ORD-2023-10491,2023-01-13,2023-01-17,CUST-260,Customer 260,Consumer,South,Technology,Printers,6045.86,8,0.15,1942.1,First Class
ORD-2023-10492,2023-06-20,2023-06-25,CUST-301,Customer 301,Corporate,East,Furniture,Furnishings,461.01,2,0.2,154.55,Second Class
ORD-2023-10493,2023-12-12,2023-12-15,CUST-258,Customer 258,Corporate,East,Technology,Printers,533.85,1,0.0,123.54,Same Day
ORD-2023-10494,2023-04-15,2023-04-17,CUST-288,Customer 288,Home Office,Central,Technology,Phones,10646.88,10,0.0,1772.97,Same Day
ORD-2023-10495,2023-05-17,2023-05-22,CUST-188,Customer 188,Consumer,south ,Furniture,Chairs,2276.64,8,0.3,-99.3,First Class
ORD-2023-10496,2023-09-30,2023-10-03,CUST-148,Customer 148,Home Office,South,Office Supplies,Storage,237.35,8,0.0,26.0,Standard Class
ORD-2023-10497,2023-05-22,2023-05-23,CUST-175,Customer 175,Consumer,West,Furniture,Tables,2618.84,7,0.1,506.58,Standard Class
ORD-2023-10498,2023-11-27,2023-11-28,CUST-313,Customer 313,Consumer,Central,Technology,Phones,5209.51,9,0.3,38.37,Second Class
ORD-2023-10499,2023-09-06,2023-09-11,CUST-329,Customer 329,Home Office,South,Furniture,Bookcases,1085.42,5,0.1,312.42,Second Class
ORD-2023-10500,01/25/2023,2023-01-27,CUST-282,Customer 282,Consumer,Central,Furniture,Furnishings,4305.34,9,0.3,133.22,Second Class
ORD-2023-10501,2023-03-20,2023-03-22,CUST-212,Customer 212,Corporate,West,Technology,Phones,1883.55,5,0.3,-163.14,Second Class
ORD-2023-10502,2023-06-26,2023-06-28,CUST-131,Customer 131,Home Office,Central,Furniture,Tables,331.19,1,0.15,109.46,First Class
ORD-2023-10503,2023-03-21,2023-03-22,CUST-348,Customer 348,Corporate,Central,Office Supplies,Storage,766.19,10,0.15,131.36,First Class
ORD-2023-10504,2023-02-27,2023-03-05,CUST-178,Customer 178,Home Office,South,Technology,Laptops,571.71,1,0.0,96.12,Standard Class
ORD-2023-10505,2023-11-08,2023-11-14,CUST-150,Customer 150,Consumer,West,Office Supplies,Envelopes,84.48,1,0.0,29.02,First Class
ORD-2023-10506,2023-07-21,2023-07-23,CUST-201,Customer 201,Home Office,South,Furniture,Chairs,1035.41,3,0.0,162.41,First Class
ORD-2023-10507,2023-06-29,2023-07-02,CUST-289,Customer 289,Consumer,South,Office Supplies,Paper,586.81,7,0.15,162.38,Same Day
ORD-2023-10508,2023-08-01,2023-08-03,CUST-322,Customer 322,Corporate,East,Technology,Laptops,9072.67,9,0.15,942.48,Same Day
ORD-2023-10509,2023-07-29,2023-08-04,CUST-281,Customer 281,Home Office,Central,Furniture,Tables,1401.61,10,0.15,221.67,Same Day
ORD-2023-10510,2023-09-09,2023-09-10,CUST-157,Customer 157,Corporate,Central,Office Supplies,Storage,30.11,1,0.3,0.51,Same Day
ORD-2023-10511,2023-08-30,2023-08-31,CUST-107,Customer 107,Corporate,Central,Furniture,Tables,617.11,2,0.2,173.59,Second Class
ORD-2023-10512,2023-10-25,2023-10-29,CUST-195,Customer 195,Home Office,South,Furniture,Furnishings,654.32,9,0.2,62.68,Standard Class
ORD-2023-10513,2023-06-13,2023-06-17,CUST-192,Customer 192,Consumer,West,Furniture,Tables,4234.84,7,0.1,944.35,First Class
ORD-2023-10514,2023-02-09,2023-02-14,CUST-239,Customer 239,Consumer,West,Office Supplies,Binders,460.87,6,0.1,70.65,Second Class
ORD-2023-10515,2023-12-24,2023-12-30,CUST-135,Customer 135,Consumer,Central,Technology,Accessories,4009.4,9,0.0,431.62,Standard Class
ORD-2023-10516,2023-03-21,2023-03-26,CUST-334,Customer 334,Corporate,West,Technology,Phones,490.31,2,0.1,80.47,Same Day
ORD-2023-10517,2023-07-05,2023-07-07,CUST-281,Customer 281,Corporate,South,Office Supplies,Envelopes,120.61,5,0.3,-14.66,Second Class
ORD-2023-10518,2023-04-27,2023-04-30,CUST-276,Customer 276,Consumer,West,Technology,Laptops,463.24,2,0.0,61.62,Same Day
ORD-2023-10519,2023-01-17,2023-01-23,CUST-116,Customer 116,Corporate,East,Furniture,Chairs,2191.28,5,0.2,296.83,Standard Class
ORD-2023-10520,2023-04-13,2023-04-15,CUST-342,Customer 342,Consumer,Central,Technology,Phones,3606.6,10,0.3,-98.85,First Class
ORD-2023-10521,2023-09-16,2023-09-21,CUST-283,Customer 283,Home Office,East,Technology,Phones,4649.91,4,0.0,1594.3,Second Class
ORD-2023-10522,2023-02-20,2023-02-22,CUST-146,Customer 146,Corporate,South,Furniture,Tables,1748.98,6,0.15,193.21,Standard Class
ORD-2023-10523,2023-06-10,2023-06-11,CUST-280,Customer 280,Corporate,South,Technology,Laptops,3674.94,5,0.0,675.79,First Class
ORD-2023-10524,2023-08-22,2023-08-27,CUST-174,Customer 174,Consumer,Central,Office Supplies,Art,609.97,7,0.15,203.46,Same Day
ORD-2023-10525,2023-07-08,2023-07-10,CUST-201,Customer 201,Home Office,East,Office Supplies,Art,157.17,8,0.15,,Standard Class
ORD-2023-10526,2023-10-30,2023-10-31,CUST-151,Customer 151,Consumer,West,Technology,Accessories,8807.96,10,0.15,2429.27,First Class
ORD-2023-10527,2023-05-23,2023-05-29,CUST-270,Customer 270,Corporate,Central,Office Supplies,Art,662.56,10,0.0,190.39,Same Day
ORD-2023-10528,2023-02-25,2023-02-26,CUST-107,Customer 107,Consumer,Central,Furniture,Furnishings,1189.59,2,0.0,407.39,Second Class
ORD-2023-10529,2023-07-15,2023-07-20,CUST-294,Customer 294,Home Office,Central,Technology,Accessories,1435.03,2,0.15,193.04,Standard Class
ORD-2023-10530,2023-12-05,2023-12-09,CUST-307,Customer 307,Home Office,South,Office Supplies,Storage,103.09,9,0.15,32.74,First Class
ORD-2023-10531,2023-03-02,2023-03-06,CUST-109,Customer 109,Corporate,South,Furniture,Furnishings,342.18,1,0.3,-40.09,Same Day
ORD-2023-10532,2023-08-09,2023-08-11,CUST-245,Customer 245,Corporate,Central,Office Supplies,Art,496.01,8,0.15,114.98,Standard Class
ORD-2023-10533,2023-03-22,2023-03-27,CUST-257,Customer 257,Corporate,East,Furniture,Bookcases,1230.49,6,0.2,113.43,Same Day
ORD-2023-10534,2023-07-07,2023-07-10,CUST-209,Customer 209,Corporate,East,Office Supplies,Storage,97.26,6,0.0,14.28,Standard Class
ORD-2023-10535,2023-11-28,2023-12-01,CUST-186,Customer 186,Corporate,East,Office Supplies,Paper,154.79,3,0.15,36.12,Standard Class
ORD-2023-10536,2023-08-04,2023-08-07,CUST-181,Customer 181,Home Office,East,Office Supplies,Art,123.46,7,0.15,13.21,Standard Class
ORD-2023-10537,2023-12-12,2023-12-14,CUST-193,Customer 193,Consumer,Central,Furniture,Bookcases,3317.83,7,0.0,1018.25,First Class
ORD-2023-10538,2023-10-02,2023-10-04,CUST-305,Customer 305,Corporate,Central,Furniture,Chairs,2156.56,4,0.2,227.69,Same Day
ORD-2023-10539,2023-06-22,2023-06-25,CUST-153,Customer 153,Corporate,East,Office Supplies,Envelopes,233.3,6,0.1,45.93,Same Day
ORD-2023-10540,2023-10-04,2023-10-07,CUST-271,Customer 271,Corporate,west ,Furniture,Furnishings,823.81,9,0.0%,194.21,Same Day
ORD-2023-10541,2023-04-20,2023-04-26,CUST-233,Customer 233,Home Office,South,Furniture,Furnishings,480.48,4,0.3,1.49,Standard Class
ORD-2023-10542,2023-08-11,2023-08-15,CUST-310,Customer 310,Corporate,Central,Technology,Laptops,3520.47,5,0.15,508.32,First Class
ORD-2023-10543,2023-03-18,2023-03-20,CUST-243,Customer 243,Corporate,East,Technology,Accessories,3736.66,7,0.1,436.58,Same Day
ORD-2023-10544,2023-05-13,2023-05-16,CUST-300,Customer 300,Home Office,West,Office Supplies,Paper,40.08,1,0.1,12.59,Same Day
ORD-2023-10545,2023-07-28,2023-07-31,CUST-246,Customer 246,Consumer,East,Furniture,Tables,2906.02,9,0.2,430.06,Standard Class
ORD-2023-10546,2023-02-16,2023-02-18,CUST-306,Customer 306,Home Office,East,Furniture,Bookcases,860.66,4,0.0,294.24,Same Day
ORD-2023-10547,2023-08-14,2023-08-18,CUST-279,Customer 279,Corporate,Central,Office Supplies,Paper,153.18,2,0.1,48.63,First Class
ORD-2023-10548,2023-03-16,2023-03-19,CUST-265,Customer 265,Corporate,South,Office Supplies,Storage,978.84,10,0.0,260.85,Standard Class
ORD-2023-10549,2023-12-10,2023-12-12,CUST-331,Customer 331,Corporate,Central,Office Supplies,Art,117.33,2,0.0,38.21,First Class
ORD-2023-10550,07/21/2023,2023-07-24,CUST-320,Customer 320,Corporate,Central,Technology,Laptops,2334.54,3,0.3,-160.48,Second Class
ORD-2023-10551,2023-01-18,2023-01-21,CUST-337,Customer 337,Home Office,East,Furniture,Furnishings,3741.55,6,0.0,1004.94,Same Day
ORD-2023-10552,2023-09-17,2023-09-18,CUST-295,Customer 295,Corporate,Central,Furniture,Bookcases,135.74,1,0.3,-16.67,Standard Class
ORD-2023-10553,2023-07-25,2023-07-27,CUST-163,Customer 163,Consumer,Central,Furniture,Chairs,5003.25,9,0.0,1544.4,Second Class
ORD-2023-10554,2023-12-18,2023-12-22,CUST-166,Customer 166,Home Office,Central,Furniture,Furnishings,1777.79,3,0.0,182.73,Second Class
ORD-2023-10555,2023-07-08,2023-07-10,CUST-336,Customer 336,Consumer,South,Furniture,Tables,3584.09,9,0.15,478.59,Standard Class
ORD-2023-10556,2023-12-26,2023-12-28,CUST-138,Customer 138,Home Office,East,Furniture,Furnishings,370.95,2,0.0,101.65,First Class
ORD-2023-10557,2023-08-11,2023-08-15,CUST-148,Customer 148,Home Office,South,Technology,Laptops,2261.8,5,0.0,547.41,Second Class
ORD-2023-10558,2023-05-25,2023-05-31,CUST-107,Customer 107,Corporate,West,Furniture,Tables,1130.01,5,0.0,203.18,Second Class
ORD-2023-10559,2023-12-17,2023-12-23,CUST-323,Customer 323,Corporate,South,Technology,Phones,5982.91,6,0.15,1623.06,Second Class
ORD-2023-10560,2023-11-02,2023-11-05,CUST-338,Customer 338,Consumer,East,Technology,Phones,1804.54,4,0.3,,First Class
ORD-2023-10560,2023-11-02,2023-11-05,CUST-338,Customer 338,Consumer,East,Technology,Phones,1804.54,4,0.3,,First Class
ORD-2023-10561,2023-11-03,2023-11-09,CUST-177,Customer 177,Home Office,East,Technology,Accessories,5983.78,7,0.0,1416.55,Same Day
ORD-2023-10562,2023-05-14,2023-05-16,CUST-181,Customer 181,Consumer,South,Furniture,Furnishings,2173.07,9,0.0,466.75,Standard Class
ORD-2023-10563,2023-05-24,2023-05-30,CUST-232,Customer 232,Corporate,Central,Furniture,Bookcases,929.68,6,0.15,266.07,First Class
ORD-2023-10564,2023-03-19,2023-03-24,CUST-158,Customer 158,Consumer,South,Technology,Laptops,478.52,3,0.15,53.27,Standard Class
ORD-2023-10565,2023-09-11,2023-09-12,CUST-128,Customer 128,Corporate,South,Furniture,Furnishings,414.05,3,0.0,126.47,Same Day
ORD-2023-10566,2023-09-18,2023-09-21,CUST-206,Customer 206,Home Office,West,Office Supplies,Paper,36.67,2,0.1,3.19,Second Class
ORD-2023-10567,2023-12-15,2023-12-21,CUST-314,Customer 314,Home Office,East,Furniture,Bookcases,547.09,6,0.3,-29.56,Standard Class
ORD-2023-10568,2023-11-18,2023-11-21,CUST-183,Customer 183,Home Office,East,Furniture,Chairs,5537.1,10,0.1,926.11,Same Day
ORD-2023-10569,2023-01-29,2023-02-04,CUST-202,Customer 202,Corporate,East,Office Supplies,Envelopes,526.03,5,0.0,45.0,Standard Class
ORD-2023-10570,2023-04-17,2023-04-19,CUST-130,Customer 130,Home Office,South,Furniture,Bookcases,1566.28,5,0.1,507.49,Second Class
ORD-2023-10571,2023-11-05,2023-11-07,CUST-225,Customer 225,Corporate,Central,Office Supplies,Paper,489.17,8,0.15,51.05,Second Class
ORD-2023-10572,2023-08-05,2023-08-08,CUST-231,Customer 231,Consumer,West,Furniture,Furnishings,2097.45,6,0.3,-249.57,Standard Class
ORD-2023-10573,2023-09-11,2023-09-16,CUST-332,Customer 332,Corporate,East,Furniture,Furnishings,4969.41,8,0.1,1526.68,Standard Class
ORD-2023-10574,2023-09-25,2023-09-29,CUST-334,Customer 334,Home Office,Central,Office Supplies,Paper,47.12,1,0.15,12.18,Standard Class
ORD-2023-10575,2023-10-19,2023-10-22,CUST-129,Customer 129,Home Office,Central,Furniture,Chairs,1543.75,8,0.0,297.0,Standard Class
ORD-2023-10576,2023-12-27,2023-12-30,CUST-259,Customer 259,Home Office,Central,Office Supplies,Art,495.5,5,0.0,64.4,Same Day
ORD-2023-10577,2023-11-06,2023-11-09,CUST-129,Customer 129,Consumer,East,Furniture,Chairs,263.07,1,0.3,11.35,Same Day
ORD-2023-10578,2023-11-05,2023-11-11,CUST-305,Customer 305,Home Office,South,Furniture,Bookcases,818.85,5,0.0,219.39,Same Day
ORD-2023-10579,2023-04-07,2023-04-08,CUST-211,Customer 211,Home Office,West,Furniture,Tables,2039.25,9,0.15,395.43,Second Class
ORD-2023-10580,2023-03-01,2023-03-03,CUST-105,Customer 105,Corporate,West,Office Supplies,Art,493.93,8,0.15,46.31,Same Day
ORD-2023-10581,2023-01-05,2023-01-06,CUST-109,Customer 109,Home Office,South,Furniture,Furnishings,2230.37,8,0.3,69.17,First Class
ORD-2023-10582,2023-09-07,2023-09-09,CUST-241,Customer 241,Corporate,East,Office Supplies,Paper,215.61,2,0.0,46.05,First Class
ORD-2023-10583,2023-11-27,2023-11-30,CUST-173,Customer 173,Consumer,South,Office Supplies,Art,210.69,4,0.2,68.57,Second Class
ORD-2023-10584,2023-06-23,2023-06-28,CUST-345,Customer 345,Home Office,South,Technology,Accessories,6097.17,7,0.15,1804.36,Same Day
ORD-2023-10585,2023-03-24,2023-03-29,CUST-133,Customer 133,Home Office,west ,Furniture,Chairs,1161.69,3,0.15,388.73,Same Day
ORD-2023-10586,2023-09-10,2023-09-13,CUST-325,Customer 325,Consumer,West,Technology,Phones,2099.58,5,0.2,186.09,First Class
ORD-2023-10587,2023-02-02,2023-02-05,CUST-224,Customer 224,Consumer,South,Technology,Laptops,4773.38,5,0.2,726.62,Second Class
ORD-2023-10588,2023-03-19,2023-03-25,CUST-346,Customer 346,Corporate,East,Office Supplies,Paper,154.12,2,0.0,46.6,Same Day
ORD-2023-10589,2023-01-22,2023-01-27,CUST-140,Customer 140,Consumer,East,Technology,Phones,4467.86,5,0.0,543.56,First Class
ORD-2023-10590,2023-07-06,2023-07-09,CUST-296,Customer 296,Corporate,West,Technology,Laptops,326.07,1,0.2,41.16,Same Day
ORD-2023-10591,2023-05-17,2023-05-20,CUST-301,Customer 301,Consumer,South,Furniture,Tables,1175.96,4,0.15,396.29,Same Day
ORD-2023-10592,2023-09-22,2023-09-28,CUST-283,Customer 283,Consumer,Central,Technology,Printers,10267.42,9,0.0,2024.73,Standard Class
ORD-2023-10593,2023-07-21,2023-07-22,CUST-207,Customer 207,Home Office,West,Office Supplies,Paper,519.84,7,0.3,-0.76,First Class
ORD-2023-10594,2023-06-26,2023-06-27,CUST-214,Customer 214,Consumer,Central,Office Supplies,Envelopes,265.2,4,0.15,71.16,Same Day
ORD-2023-10595,2023-11-29,2023-12-03,CUST-199,Customer 199,Consumer,West,Furniture,Chairs,996.7,3,0.2,,First Class
ORD-2023-10596,2023-09-24,2023-09-27,CUST-161,Customer 161,Home Office,West,Technology,Phones,4564.17,5,0.0,1402.24,First Class
ORD-2023-10597,2023-05-13,2023-05-19,CUST-214,Customer 214,Home Office,Central,Technology,Phones,3755.29,5,0.0,1117.03,Standard Class
ORD-2023-10598,2023-10-25,2023-10-30,CUST-282,Customer 282,Corporate,West,Furniture,Bookcases,1307.78,7,0.2,172.61,Second Class
ORD-2023-10599,2023-07-04,2023-07-08,CUST-123,Customer 123,Corporate,East,Technology,Printers,596.13,1,0.0,107.13,Standard Class
ORD-2023-10600,09/27/2023,2023-10-01,CUST-212,Customer 212,Home Office,South,Furniture,Furnishings,2166.35,8,20.0%,247.66,Same Day
ORD-2023-10601,2023-12-31,2024-01-04,CUST-277,Customer 277,Home Office,West,Office Supplies,Envelopes,87.21,4,0.2,15.67,Standard Class
ORD-2023-10602,2023-03-02,2023-03-07,CUST-110,Customer 110,Corporate,South,Technology,Phones,2518.85,9,0.1,401.44,First Class
ORD-2023-10603,2023-01-15,2023-01-17,CUST-327,Customer 327,Consumer,West,Office Supplies,Art,318.84,5,0.0,72.64,First Class
ORD-2023-10604,2023-02-04,2023-02-05,CUST-330,Customer 330,Home Office,South,Furniture,Bookcases,1798.28,6,0.2,208.35,Same Day
ORD-2023-10605,2023-03-12,2023-03-17,CUST-122,Customer 122,Consumer,South,Furniture,Furnishings,2838.74,10,0.15,486.93,First Class
ORD-2023-10606,2023-01-24,2023-01-30,CUST-321,Customer 321,Home Office,South,Office Supplies,Storage,204.91,3,0.3,-18.08,Standard Class
ORD-2023-10607,2023-11-27,2023-11-28,CUST-292,Customer 292,Home Office,East,Technology,Phones,4337.73,8,0.2,557.53,Second Class
ORD-2023-10608,2023-01-10,2023-01-13,CUST-202,Customer 202,Consumer,West,Technology,Printers,1676.48,10,0.15,215.83,First Class
ORD-2023-10609,2023-01-13,2023-01-18,CUST-350,Customer 350,Consumer,Central,Furniture,Bookcases,513.84,2,0.0,62.5,Standard Class
ORD-2023-10610,2023-07-28,2023-08-03,CUST-282,Customer 282,Consumer,West,Technology,Accessories,416.63,1,0.1,62.35,Standard Class
ORD-2023-10611,2023-03-03,2023-03-04,CUST-343,Customer 343,Corporate,West,Technology,Laptops,865.5,2,0.0,182.38,Same Day
ORD-2023-10612,2023-07-28,2023-08-03,CUST-163,Customer 163,Home Office,West,Technology,Accessories,6381.08,9,0.15,655.05,Standard Class
ORD-2023-10613,2023-11-22,2023-11-27,CUST-300,Customer 300,Home Office,West,Technology,Accessories,2429.0,4,0.15,221.73,Second Class
ORD-2023-10614,2023-08-26,2023-08-31,CUST-338,Customer 338,Consumer,Central,Office Supplies,Binders,610.56,8,0.1,187.72,Standard Class
ORD-2023-10615,2023-04-19,2023-04-24,CUST-176,Customer 176,Home Office,Central,Technology,Laptops,904.11,2,0.2,316.15,Standard Class
ORD-2023-10616,2023-08-10,2023-08-12,CUST-350,Customer 350,Home Office,Central,Office Supplies,Storage,363.04,8,0.0,74.11,First Class
ORD-2023-10617,2023-11-03,2023-11-06,CUST-255,Customer 255,Home Office,East,Office Supplies,Binders,186.17,8,0.2,59.9,Standard Class
ORD-2023-10618,2023-12-27,2023-12-31,CUST-237,Customer 237,Home Office,South,Office Supplies,Paper,58.97,1,0.0,10.34,Standard Class
ORD-2023-10619,2023-07-12,2023-07-17,CUST-131,Customer 131,Home Office,Central,Furniture,Tables,1118.06,8,0.3,-163.29,Standard Class
ORD-2023-10620,2023-05-24,2023-05-30,CUST-306,Customer 306,Home Office,Central,Technology,Phones,1425.5,4,0.1,303.73,First Class
ORD-2023-10621,2023-12-27,2024-01-02,CUST-128,Customer 128,Home Office,West,Technology,Laptops,2616.45,5,0.3,-5.85,Same Day
ORD-2023-10622,2023-12-11,2023-12-17,CUST-132,Customer 132,Home Office,West,Technology,Laptops,3955.85,5,0.3,25.52,Standard Class
ORD-2023-10623,2023-04-09,2023-04-15,CUST-274,Customer 274,Home Office,East,Office Supplies,Envelopes,358.99,9,0.3,13.86,First Class
ORD-2023-10624,2023-01-27,2023-01-30,CUST-226,Customer 226,Consumer,South,Furniture,Bookcases,641.69,6,0.0,99.49,Same Day
ORD-2023-10625,2023-08-04,2023-08-09,CUST-185,Customer 185,Corporate,South,Furniture,Chairs,1161.51,2,0.0,399.66,Second Class
ORD-2023-10626,2023-08-05,2023-08-06,CUST-116,Customer 116,Corporate,West,Technology,Laptops,250.97,2,0.3,9.29,First Class
ORD-2023-10627,2023-05-09,2023-05-11,CUST-310,Customer 310,Corporate,East,Furniture,Tables,1088.55,6,0.2,269.18,Standard Class
ORD-2023-10628,2023-02-18,2023-02-24,CUST-334,Customer 334,Consumer,South,Office Supplies,Paper,86.27,1,0.0,8.35,Standard Class
ORD-2023-10629,2023-08-15,2023-08-16,CUST-273,Customer 273,Consumer,Central,Office Supplies,Art,51.96,1,0.0,12.82,Standard Class
ORD-2023-10630,2023-07-30,2023-08-01,CUST-325,Customer 325,Corporate,east ,Furniture,Furnishings,2905.62,10,0.0,,Same Day
ORD-2023-10631,2023-06-18,2023-06-23,CUST-251,Customer 251,Consumer,West,Technology,Phones,3958.52,4,0.1,766.65,Standard Class
ORD-2023-10632,2023-11-14,2023-11-18,CUST-132,Customer 132,Consumer,West,Technology,Laptops,3436.87,5,0.1,563.72,Standard Class
ORD-2023-10633,2023-10-05,2023-10-07,CUST-174,Customer 174,Home Office,West,Furniture,Bookcases,2405.77,6,0.0,229.69,First Class
ORD-2023-10634,2023-09-17,2023-09-22,CUST-263,Customer 263,Consumer,East,Furniture,Bookcases,816.93,4,0.3,-9.5,Second Class
ORD-2023-10635,2023-08-28,2023-09-02,CUST-207,Customer 207,Corporate,Central,Office Supplies,Envelopes,580.87,6,0.0,124.25,First Class
ORD-2023-10636,2023-01-02,2023-01-08,CUST-161,Customer 161,Corporate,West,Office Supplies,Binders,260.21,8,0.3,-19.47,Second Class
ORD-2023-10637,2023-07-24,2023-07-26,CUST-107,Customer 107,Consumer,East,Furniture,Chairs,1873.13,9,0.2,611.45,First Class
ORD-2023-10638,2023-07-04,2023-07-05,CUST-156,Customer 156,Corporate,East,Technology,Laptops,4523.89,5,0.0,601.3,Second Class
ORD-2023-10639,2023-04-01,2023-04-04,CUST-186,Customer 186,Corporate,East,Technology,Laptops,1316.91,4,0.3,-152.4,Standard Class
ORD-2023-10640,2023-09-27,2023-10-02,CUST-325,Customer 325,Consumer,South,Office Supplies,Paper,139.32,3,0.1,23.11,Second Class
ORD-2023-10640,2023-09-27,2023-10-02,CUST-325,Customer 325,Consumer,South,Office Supplies,Paper,139.32,3,0.1,23.11,Second Class
ORD-2023-10641,2023-08-08,2023-08-14,CUST-302,Customer 302,Home Office,West,Technology,Laptops,1482.19,3,0.0,459.34,First Class
ORD-2023-10642,2023-10-27,2023-10-31,CUST-142,Customer 142,Corporate,West,Office Supplies,Paper,750.26,9,0.1,161.02,Standard Class
ORD-2023-10643,2023-08-26,2023-08-28,CUST-283,Customer 283,Home Office,Central,Office Supplies,Storage,513.23,8,0.2,131.09,Same Day
ORD-2023-10644,2023-04-17,2023-04-19,CUST-178,Customer 178,Corporate,West,Furniture,Tables,2735.77,7,0.1,406.87,Second Class
ORD-2023-10645,2023-02-13,2023-02-15,CUST-158,Customer 158,Home Office,East,Furniture,Furnishings,3379.62,10,0.15,697.01,First Class
ORD-2023-10646,2023-07-29,2023-08-01,CUST-145,Customer 145,Corporate,South,Furniture,Bookcases,3840.96,8,0.0,612.71,Standard Class
ORD-2023-10647,2023-09-14,2023-09-19,CUST-118,Customer 118,Consumer,East,Furniture,Tables,1102.63,6,0.1,162.64,Standard Class
ORD-2023-10648,2023-12-16,2023-12-19,CUST-102,Customer 102,Consumer,West,Office Supplies,Envelopes,508.52,5,0.15,153.52,First Class
ORD-2023-10649,2023-12-02,2023-12-03,CUST-158,Customer 158,Consumer,South,Office Supplies,Envelopes,114.27,4,0.2,33.39,Same Day
ORD-2023-10650,08/28/2023,2023-09-03,CUST-209,Customer 209,Corporate,South,Furniture,Chairs,2261.59,7,0.1,265.77,Second Class
ORD-2023-10651,2023-03-07,2023-03-10,CUST-207,Customer 207,Corporate,East,Furniture,Bookcases,1848.5,7,0.2,297.43,Second Class
ORD-2023-10652,2023-10-28,2023-10-29,CUST-350,Customer 350,Corporate,East,Technology,Laptops,2550.9,7,0.0,531.07,Same Day
ORD-2023-10653,2023-06-18,2023-06-23,CUST-126,Customer 126,Consumer,South,Office Supplies,Storage,687.33,9,0.0,89.63,Second Class
ORD-2023-10654,2023-02-05,2023-02-09,CUST-216,Customer 216,Corporate,Central,Technology,Laptops,456.52,1,0.15,84.73,Standard Class
ORD-2023-10655,2023-02-26,2023-02-28,CUST-133,Customer 133,Corporate,South,Furniture,Chairs,2348.38,4,0.0,570.66,Second Class
ORD-2023-10656,2023-06-08,2023-06-13,CUST-101,Customer 101,Corporate,West,Office Supplies,Art,229.6,3,0.0,50.97,Second Class
ORD-2023-10657,2023-10-19,2023-10-23,CUST-173,Customer 173,Home Office,South,Furniture,Chairs,4096.57,8,0.15,1005.78,Standard Class
ORD-2023-10658,2023-03-31,2023-04-04,CUST-333,Customer 333,Corporate,West,Technology,Printers,2650.34,3,0.0,383.55,Same Day
ORD-2023-10659,2023-03-22,2023-03-25,CUST-332,Customer 332,Home Office,Central,Office Supplies,Paper,168.01,8,0.1,16.91,Second Class
ORD-2023-10660,2023-02-23,2023-02-28,CUST-153,Customer 153,Consumer,Central,Furniture,Furnishings,608.36,9,30.0%,-0.03,First Class
ORD-2023-10661,2023-07-15,2023-07-18,CUST-164,Customer 164,Consumer,South,Technology,Printers,1520.74,2,0.15,320.7,Standard Class
ORD-2023-10662,2023-02-04,2023-02-05,CUST-310,Customer 310,Consumer,West,Office Supplies,Art,59.94,5,0.0,7.66,Same Day
ORD-2023-10663,2023-03-05,2023-03-10,CUST-273,Customer 273,Home Office,South,Technology,Phones,1555.86,5,0.0,499.47,Standard Class
ORD-2023-10664,2023-09-30,2023-10-02,CUST-199,Customer 199,Home Office,South,Office Supplies,Paper,65.25,5,0.15,18.73,Standard Class
ORD-2023-10665,2023-05-08,2023-05-11,CUST-107,Customer 107,Consumer,West,Technology,Phones,503.97,1,0.0,,Same Day
ORD-2023-10666,2023-02-19,2023-02-25,CUST-231,Customer 231,Consumer,West,Office Supplies,Binders,126.31,2,0.2,17.17,Same Day
ORD-2023-10667,2023-10-05,2023-10-09,CUST-191,Customer 191,Consumer,South,Technology,Laptops,1694.74,6,0.15,232.94,Standard Class
ORD-2023-10668,2023-04-23,2023-04-24,CUST-117,Customer 117,Corporate,Central,Office Supplies,Envelopes,259.81,4,0.0,70.77,Standard Class
ORD-2023-10669,2023-10-19,2023-10-21,CUST-273,Customer 273,Home Office,Central,Technology,Accessories,1346.35,3,0.1,463.23,Same Day
ORD-2023-10670,2023-12-08,2023-12-12,CUST-197,Customer 197,Home Office,East,Furniture,Chairs,2016.93,9,0.0,288.02,Same Day
ORD-2023-10671,2023-11-12,2023-11-13,CUST-115,Customer 115,Consumer,Central,Technology,Printers,1629.75,3,0.0,412.9,Standard Class
ORD-2023-10672,2023-05-02,2023-05-08,CUST-181,Customer 181,Consumer,South,Office Supplies,Storage,73.16,1,0.1,20.68,First Class
ORD-2023-10673,2023-04-28,2023-05-04,CUST-332,Customer 332,Consumer,Central,Furniture,Tables,1739.75,4,0.15,384.13,Standard Class
ORD-2023-10674,2023-04-04,2023-04-08,CUST-113,Customer 113,Consumer,East,Technology,Printers,2724.45,3,0.2,829.4,Second Class
ORD-2023-10675,2023-04-15,2023-04-17,CUST-284,Customer 284,Corporate,east ,Furniture,Furnishings,681.8,4,0.1,160.66,Second Class
ORD-2023-10676,2023-11-22,2023-11-24,CUST-196,Customer 196,Corporate,Central,Furniture,Chairs,872.28,3,0.15,248.85,Same Day
ORD-2023-10677,2023-09-04,2023-09-05,CUST-241,Customer 241,Corporate,South,Furniture,Chairs,937.03,3,0.15,217.18,Second Class
ORD-2023-10678,2023-09-04,2023-09-05,CUST-334,Customer 334,Consumer,Central,Technology,Printers,555.8,4,0.1,118.21,Second Class
ORD-2023-10679,2023-08-01,2023-08-05,CUST-204,Customer 204,Corporate,Central,Furniture,Furnishings,157.18,1,0.0,20.82,Standard Class
ORD-2023-10680,2023-08-12,2023-08-15,CUST-278,Customer 278,Home Office,Central,Office Supplies,Art,90.92,1,0.0,19.0,First Class
ORD-2023-10681,2023-07-05,2023-07-11,CUST-341,Customer 341,Corporate,East,Office Supplies,Binders,344.09,3,0.0,28.67,Same Day
ORD-2023-10682,2023-02-17,2023-02-23,CUST-324,Customer 324,Home Office,South,Furniture,Chairs,1930.1,7,0.2,658.69,Second Class
ORD-2023-10683,2023-12-04,2023-12-08,CUST-127,Customer 127,Home Office,Central,Office Supplies,Art,179.89,10,0.3,-19.45,Standard Class
ORD-2023-10684,2023-07-23,2023-07-29,CUST-124,Customer 124,Corporate,Central,Technology,Laptops,1732.38,2,0.1,481.47,Standard Class
ORD-2023-10685,2023-03-29,2023-03-31,CUST-146,Customer 146,Consumer,Central,Technology,Laptops,10313.17,9,0.0,1384.58,Same Day
ORD-2023-10686,2023-04-04,2023-04-06,CUST-322,Customer 322,Home Office,Central,Furniture,Furnishings,399.42,3,0.0,68.85,Standard Class
ORD-2023-10687,2023-10-27,2023-10-29,CUST-168,Customer 168,Consumer,South,Furniture,Chairs,569.31,1,0.0,125.83,Standard Class
ORD-2023-10688,2023-01-04,2023-01-08,CUST-186,Customer 186,Corporate,Central,Furniture,Furnishings,1756.25,6,0.0,586.71,Same Day
ORD-2023-10689,2023-12-07,2023-12-11,CUST-306,Customer 306,Corporate,South,Office Supplies,Paper,108.4,2,0.0,9.42,First Class
ORD-2023-10690,2023-03-04,2023-03-09,CUST-258,Customer 258,Corporate,Central,Office Supplies,Binders,57.93,8,0.3,2.4,Same Day
ORD-2023-10691,2023-06-14,2023-06-15,CUST-159,Customer 159,Home Office,Central,Technology,Accessories,5928.87,10,0.1,1159.32,Same Day
ORD-2023-10692,2023-09-01,2023-09-07,CUST-282,Customer 282,Corporate,East,Office Supplies,Art,202.3,3,0.3,-9.93,Second Class
ORD-2023-10693,2023-03-07,2023-03-11,CUST-344,Customer 344,Consumer,East,Furniture,Furnishings,830.43,2,0.0,235.33,Same Day
ORD-2023-10694,2023-12-04,2023-12-10,CUST-141,Customer 141,Home Office,East,Technology,Printers,5928.02,6,0.1,1540.11,Standard Class
ORD-2023-10695,2023-12-10,2023-12-11,CUST-323,Customer 323,Consumer,West,Office Supplies,Art,213.01,4,0.3,-17.33,First Class
ORD-2023-10696,2023-07-15,2023-07-21,CUST-174,Customer 174,Corporate,South,Technology,Laptops,533.9,2,0.0,150.05,Standard Class
ORD-2023-10697,2023-03-01,2023-03-06,CUST-179,Customer 179,Corporate,Central,Technology,Accessories,654.13,1,0.15,108.78,Standard Class
ORD-2023-10698,2023-07-06,2023-07-12,CUST-127,Customer 127,Home Office,West,Office Supplies,Envelopes,281.94,7,0.1,86.29,Second Class
ORD-2023-10699,2023-09-13,2023-09-19,CUST-253,Customer 253,Consumer,South,Technology,Accessories,1992.21,6,0.3,-70.14,Standard Class
ORD-2023-10700,11/20/2023,2023-11-22,CUST-139,Customer 139,Consumer,South,Furniture,Furnishings,1846.18,4,0.3,,First Class
ORD-2023-10701,2023-04-02,2023-04-06,CUST-186,Customer 186,Consumer,South,Furniture,Tables,4129.27,7,0.15,410.42,Same Day
ORD-2023-10702,2023-05-25,2023-05-28,CUST-133,Customer 133,Corporate,West,Office Supplies,Envelopes,413.94,6,0.3,-36.92,Standard Class
ORD-2023-10703,2023-12-02,2023-12-04,CUST-153,Customer 153,Corporate,West,Furniture,Furnishings,724.7,4,0.1,200.02,Second Class
ORD-2023-10704,2023-10-22,2023-10-23,CUST-337,Customer 337,Home Office,West,Furniture,Furnishings,683.98,1,0.0,76.39,Second Class
ORD-2023-10705,2023-09-21,2023-09-27,CUST-162,Customer 162,Consumer,Central,Office Supplies,Art,34.64,1,0.2,11.7,Same Day
ORD-2023-10706,2023-12-01,2023-12-07,CUST-170,Customer 170,Corporate,South,Office Supplies,Paper,129.81,8,0.15,32.87,Same Day
ORD-2023-10707,2023-09-18,2023-09-20,CUST-170,Customer 170,Home Office,East,Office Supplies,Envelopes,88.57,2,0.3,-0.84,Same Day
ORD-2023-10708,2023-06-02,2023-06-07,CUST-203,Customer 203,Consumer,West,Technology,Accessories,450.79,1,0.2,95.53,Second Class
ORD-2023-10709,2023-09-23,2023-09-28,CUST-101,Customer 101,Consumer,East,Technology,Phones,4461.08,9,0.2,605.29,Second Class
ORD-2023-10710,2023-03-24,2023-03-25,CUST-193,Customer 193,Consumer,Central,Technology,Phones,2971.65,9,0.0,478.92,First Class
ORD-2023-10711,2023-09-23,2023-09-26,CUST-233,Customer 233,Home Office,South,Technology,Printers,3303.22,6,0.3,46.09,First Class
ORD-2023-10712,2023-05-02,2023-05-03,CUST-254,Customer 254,Consumer,West,Technology,Accessories,2713.26,9,0.2,526.22,Second Class
ORD-2023-10713,2023-10-09,2023-10-12,CUST-121,Customer 121,Corporate,Central,Furniture,Tables,3314.62,5,0.0,328.32,Same Day
ORD-2023-10714,2023-05-18,2023-05-24,CUST-207,Customer 207,Home Office,West,Office Supplies,Storage,124.04,3,0.2,18.21,Second Class
ORD-2023-10715,2023-05-19,2023-05-20,CUST-184,Customer 184,Corporate,East,Office Supplies,Envelopes,80.12,2,0.0,12.33,Standard Class
ORD-2023-10716,2023-02-20,2023-02-24,CUST-234,Customer 234,Consumer,West,Furniture,Chairs,2610.97,5,0.1,702.67,Second Class
ORD-2023-10717,2023-05-25,2023-05-30,CUST-181,Customer 181,Consumer,Central,Office Supplies,Paper,473.53,7,0.2,108.42,Second Class
ORD-2023-10718,2023-07-26,2023-07-30,CUST-268,Customer 268,Home Office,West,Furniture,Chairs,906.96,3,0.3,-20.1,Second Class
ORD-2023-10719,2023-07-09,2023-07-15,CUST-146,Customer 146,Corporate,West,Office Supplies,Envelopes,469.77,8,0.1,158.41,Same Day
ORD-2023-10720,2023-09-24,2023-09-30,CUST-297,Customer 297,Corporate,west ,Furniture,Chairs,2841.0,6,0.0%,952.06,Same Day
ORD-2023-10720,2023-09-24,2023-09-30,CUST-297,Customer 297,Corporate,west ,Furniture,Chairs,2841.0,6,0.0%,952.06,Same Day
ORD-2023-10721,2023-03-26,2023-03-31,CUST-306,Customer 306,Home Office,East,Technology,Accessories,812.19,1,0.3,-99.67,Same Day
ORD-2023-10722,2023-09-12,2023-09-17,CUST-333,Customer 333,Home Office,East,Furniture,Chairs,515.61,1,0.0,179.66,Second Class
ORD-2023-10723,2023-12-05,2023-12-10,CUST-144,Customer 144,Consumer,East,Office Supplies,Art,97.72,2,0.0,18.97,Second Class
ORD-2023-10724,2023-07-14,2023-07-16,CUST-312,Customer 312,Home Office,Central,Technology,Accessories,7981.37,9,0.15,1271.09,Second Class
ORD-2023-10725,2023-04-20,2023-04-21,CUST-339,Customer 339,Home Office,South,Technology,Accessories,8696.95,8,0.0,2141.13,Standard Class
ORD-2023-10726,2023-06-18,2023-06-21,CUST-202,Customer 202,Corporate,Central,Technology,Phones,764.67,6,0.2,167.36,Second Class
ORD-2023-10727,2023-03-20,2023-03-24,CUST-157,Customer 157,Consumer,East,Furniture,Chairs,2124.45,8,0.0,477.65,First Class
ORD-2023-10728,2023-05-18,2023-05-19,CUST-190,Customer 190,Consumer,South,Office Supplies,Art,616.1,7,0.0,80.82,Second Class
ORD-2023-10729,2023-01-21,2023-01-23,CUST-270,Customer 270,Consumer,South,Furniture,Bookcases,2700.05,4,0.0,522.99,Second Class
ORD-2023-10730,2023-10-09,2023-10-13,CUST-133,Customer 133,Home Office,West,Furniture,Furnishings,1028.67,2,0.1,221.16,Same Day
ORD-2023-10731,2023-12-17,2023-12-19,CUST-211,Customer 211,Corporate,East,Office Supplies,Storage,749.59,8,0.0,184.97,Standard Class
ORD-2023-10732,2023-09-19,2023-09-21,CUST-270,Customer 270,Corporate,West,Furniture,Chairs,2538.23,7,0.3,-9.92,Second Class
ORD-2023-10733,2023-11-09,2023-11-11,CUST-133,Customer 133,Consumer,West,Office Supplies,Binders,667.59,7,0.15,56.59,Standard Class
ORD-2023-10734,2023-04-13,2023-04-14,CUST-279,Customer 279,Home Office,East,Furniture,Furnishings,1170.17,4,0.15,297.04,First Class
ORD-2023-10735,2023-06-05,2023-06-06,CUST-163,Customer 163,Corporate,Central,Furniture,Bookcases,809.28,6,0.3,,Same Day
ORD-2023-10736,2023-04-19,2023-04-22,CUST-164,Customer 164,Corporate,South,Furniture,Chairs,2149.61,8,0.0,568.36,Second Class
ORD-2023-10737,2023-03-08,2023-03-11,CUST-160,Customer 160,Home Office,Central,Office Supplies,Storage,537.96,5,0.0,134.48,First Class
ORD-2023-10738,2023-11-05,2023-11-06,CUST-336,Customer 336,Consumer,East,Office Supplies,Binders,66.81,2,0.3,-3.69,Same Day
ORD-2023-10739,2023-04-14,2023-04-19,CUST-240,Customer 240,Consumer,West,Technology,Laptops,4344.66,5,0.2,1491.45,Same Day
ORD-2023-10740,2023-07-07,2023-07-11,CUST-234,Customer 234,Corporate,East,Furniture,Chairs,1651.5,9,0.0,261.28,Same Day
ORD-2023-10741,2023-10-17,2023-10-18,CUST-142,Customer 142,Corporate,West,Office Supplies,Art,650.97,8,0.15,158.8,Standard Class
ORD-2023-10742,2023-04-16,2023-04-18,CUST-325,Customer 325,Home Office,East,Technology,Laptops,5088.53,9,0.1,1578.3,Standard Class
ORD-2023-10743,2023-06-01,2023-06-07,CUST-111,Customer 111,Consumer,Central,Office Supplies,Paper,212.99,9,0.1,70.36,Second Class
ORD-2023-10744,2023-05-19,2023-05-20,CUST-261,Customer 261,Consumer,West,Technology,Phones,9366.64,10,0.2,1417.08,First Class
ORD-2023-10745,2023-03-10,2023-03-14,CUST-310,Customer 310,Home Office,Central,Furniture,Chairs,4070.65,6,0.0,916.28,Standard Class
ORD-2023-10746,2023-10-26,2023-10-27,CUST-309,Customer 309,Home Office,South,Office Supplies,Storage,503.08,8,0.15,61.39,Second Class
ORD-2023-10747,2023-04-29,2023-05-05,CUST-226,Customer 226,Corporate,South,Furniture,Tables,1405.61,3,0.2,298.61,Standard Class
ORD-2023-10748,2023-04-03,2023-04-09,CUST-309,Customer 309,Consumer,Central,Technology,Accessories,5186.82,7,0.15,758.41,Second Class
ORD-2023-10749,2023-11-27,2023-12-01,CUST-254,Customer 254,Consumer,East,Office Supplies,Envelopes,141.29,2,0.3,5.22,Standard Class
ORD-2023-10750,03/09/2023,2023-03-11,CUST-302,Customer 302,Home Office,East,Furniture,Tables,131.34,1,0.1,40.75,Standard Class
ORD-2023-10751,2023-02-13,2023-02-15,CUST-184,Customer 184,Consumer,West,Furniture,Furnishings,642.0,8,0.3,-26.5,First Class
ORD-2023-10752,2023-01-11,2023-01-12,CUST-136,Customer 136,Consumer,East,Office Supplies,Storage,56.98,1,0.0,9.99,Same Day
ORD-2023-10753,2023-05-27,2023-05-29,CUST-128,Customer 128,Corporate,South,Office Supplies,Paper,157.77,4,0.2,26.84,Second Class
ORD-2023-10754,2023-07-04,2023-07-05,CUST-235,Customer 235,Consumer,East,Office Supplies,Binders,111.4,6,0.3,-1.4,Same Day
ORD-2023-10755,2023-11-16,2023-11-19,CUST-338,Customer 338,Corporate,Central,Technology,Accessories,5006.28,5,0.0,1565.28,First Class
ORD-2023-10756,2023-03-18,2023-03-24,CUST-284,Customer 284,Corporate,West,Furniture,Tables,840.91,8,0.3,-79.3,Same Day
ORD-2023-10757,2023-02-16,2023-02-19,CUST-226,Customer 226,Corporate,West,Technology,Printers,3211.23,7,0.3,-267.52,First Class
ORD-2023-10758,2023-12-01,2023-12-03,CUST-236,Customer 236,Home Office,South,Furniture,Furnishings,2436.29,9,0.15,541.53,Same Day
ORD-2023-10759,2023-12-22,2023-12-28,CUST-100,Customer 100,Consumer,West,Office Supplies,Paper,285.68,4,0.0,93.89,First Class
ORD-2023-10760,2023-01-31,2023-02-03,CUST-313,Customer 313,Corporate,Central,Technology,Accessories,10533.7,9,0.0,1001.58,Second Class
ORD-2023-10761,2023-03-12,2023-03-13,CUST-195,Customer 195,Home Office,West,Furniture,Chairs,392.72,1,0.2,123.72,Same Day
ORD-2023-10762,2023-01-16,2023-01-18,CUST-103,Customer 103,Consumer,Central,Technology,Phones,8692.28,10,0.15,2440.45,Standard Class
ORD-2023-10763,2023-09-28,2023-10-04,CUST-213,Customer 213,Home Office,Central,Furniture,Furnishings,176.65,1,0.0,42.95,First Class
ORD-2023-10764,2023-03-30,2023-04-04,CUST-241,Customer 241,Corporate,West,Technology,Printers,4739.21,5,0.15,1571.01,Same Day
ORD-2023-10765,2023-05-20,2023-05-21,CUST-156,Customer 156,Corporate,south ,Technology,Laptops,2400.15,7,0.0,721.18,Standard Class
ORD-2023-10766,2023-08-28,2023-09-01,CUST-113,Customer 113,Corporate,Central,Office Supplies,Art,131.54,6,0.0,23.4,Second Class
ORD-2023-10767,2023-06-21,2023-06-22,CUST-116,Customer 116,Home Office,West,Furniture,Tables,1756.94,4,0.2,236.25,Standard Class
ORD-2023-10768,2023-01-17,2023-01-19,CUST-111,Customer 111,Home Office,Central,Technology,Phones,432.28,1,0.1,122.32,Same Day
ORD-2023-10769,2023-07-23,2023-07-28,CUST-349,Customer 349,Home Office,West,Furniture,Furnishings,294.79,3,0.3,-14.53,First Class
ORD-2023-10770,2023-09-15,2023-09-17,CUST-174,Customer 174,Corporate,East,Office Supplies,Art,322.12,3,0.0,,Standard Class
ORD-2023-10771,2023-04-29,2023-05-01,CUST-214,Customer 214,Home Office,West,Office Supplies,Binders,265.59,3,0.15,24.12,First Class
ORD-2023-10772,2023-12-31,2024-01-06,CUST-345,Customer 345,Home Office,South,Technology,Laptops,2235.74,3,0.0,264.95,Standard Class
ORD-2023-10773,2023-06-08,2023-06-13,CUST-143,Customer 143,Corporate,East,Furniture,Chairs,1268.36,5,0.0,125.83,First Class
ORD-2023-10774,2023-12-30,2024-01-03,CUST-340,Customer 340,Corporate,Central,Furniture,Bookcases,688.9,2,0.1,129.69,Second Class
ORD-2023-10775,2023-11-14,2023-11-20,CUST-195,Customer 195,Home Office,West,Furniture,Bookcases,551.16,2,0.3,-77.97,First Class
ORD-2023-10776,2023-11-26,2023-11-27,CUST-318,Customer 318,Consumer,West,Office Supplies,Envelopes,107.84,2,0.0,15.12,Second Class
ORD-2023-10777,2023-08-25,2023-08-31,CUST-127,Customer 127,Corporate,East,Furniture,Furnishings,250.2,2,0.15,71.91,Same Day
ORD-2023-10778,2023-04-13,2023-04-17,CUST-154,Customer 154,Corporate,Central,Technology,Accessories,1836.29,8,0.15,219.05,Same Day
ORD-2023-10779,2023-04-20,2023-04-23,CUST-302,Customer 302,Consumer,East,Office Supplies,Art,232.85,7,0.0,78.52,First Class
ORD-2023-10780,2023-12-17,2023-12-21,CUST-117,Customer 117,Consumer,Central,Furniture,Tables,1126.12,5,15.0%,249.65,Second Class
ORD-2023-10781,2023-12-09,2023-12-12,CUST-346,Customer 346,Corporate,West,Technology,Phones,1371.73,5,0.15,308.07,First Class
ORD-2023-10782,2023-03-24,2023-03-30,CUST-119,Customer 119,Consumer,South,Furniture,Furnishings,1965.0,10,0.3,-2.82,Second Class
ORD-2023-10783,2023-06-12,2023-06-13,CUST-129,Customer 129,Corporate,West,Furniture,Tables,3694.72,7,0.0,928.33,First Class
ORD-2023-10784,2023-11-24,2023-11-29,CUST-207,Customer 207,Home Office,East,Technology,Laptops,8667.93,9,0.0,2922.32,Second Class
ORD-2023-10785,2023-12-14,2023-12-19,CUST-329,Customer 329,Consumer,East,Furniture,Bookcases,2163.04,5,0.3,107.74,First Class
ORD-2023-10786,2023-07-31,2023-08-04,CUST-129,Customer 129,Home Office,Central,Furniture,Furnishings,934.01,3,0.0,211.6,First Class
ORD-2023-10787,2023-07-15,2023-07-18,CUST-122,Customer 122,Home Office,South,Office Supplies,Storage,225.15,2,0.0,48.19,Standard Class
ORD-2023-10788,2023-11-16,2023-11-21,CUST-270,Customer 270,Home Office,East,Office Supplies,Art,381.83,5,0.2,69.83,Standard Class
ORD-2023-10789,2023-04-11,2023-04-15,CUST-101,Customer 101,Corporate,East,Furniture,Furnishings,1657.69,6,0.3,-160.96,Same Day
ORD-2023-10790,2023-08-01,2023-08-07,CUST-106,Customer 106,Consumer,West,Technology,Printers,2058.07,3,0.3,-61.76,Standard Class
ORD-2023-10791,2023-06-21,2023-06-23,CUST-312,Customer 312,Consumer,South,Technology,Printers,693.98,1,0.3,-49.91,Same Day
ORD-2023-10792,2023-03-30,2023-04-03,CUST-125,Customer 125,Corporate,Central,Office Supplies,Binders,202.17,3,0.3,6.74,Second Class
ORD-2023-10793,2023-10-11,2023-10-13,CUST-211,Customer 211,Consumer,Central,Technology,Phones,567.24,1,0.3,-23.41,Standard Class
ORD-2023-10794,2023-02-10,2023-02-15,CUST-147,Customer 147,Corporate,South,Technology,Laptops,3340.6,4,0.0,922.35,First Class
ORD-2023-10795,2023-07-13,2023-07-16,CUST-263,Customer 263,Consumer,East,Furniture,Chairs,1487.78,10,0.0,162.04,Standard Class
ORD-2023-10796,2023-05-25,2023-05-28,CUST-333,Customer 333,Corporate,West,Technology,Phones,2241.36,4,0.0,473.73,First Class
ORD-2023-10797,2023-11-17,2023-11-18,CUST-262,Customer 262,Corporate,West,Office Supplies,Art,88.92,8,0.0,22.95,First Class
ORD-2023-10798,2023-11-20,2023-11-25,CUST-257,Customer 257,Corporate,East,Technology,Accessories,7238.07,10,0.0,955.92,Same Day
ORD-2023-10799,2023-01-16,2023-01-21,CUST-321,Customer 321,Consumer,East,Office Supplies,Envelopes,276.18,6,0.0,28.32,Second Class
ORD-2023-10800,12/21/2023,2023-12-23,CUST-189,Customer 189,Consumer,Central,Furniture,Furnishings,2827.19,9,0.15,617.51,Standard Class
ORD-2023-10800,12/21/2023,2023-12-23,CUST-189,Customer 189,Consumer,Central,Furniture,Furnishings,2827.19,9,0.15,617.51,Standard Class
ORD-2023-10801,2023-07-24,2023-07-26,CUST-346,Customer 346,Home Office,Central,Technology,Laptops,1806.28,7,0.0,531.78,First Class
ORD-2023-10802,2023-09-07,2023-09-11,CUST-255,Customer 255,Corporate,South,Furniture,Bookcases,2114.98,7,0.3,29.33,Standard Class
ORD-2023-10803,2023-08-19,2023-08-21,CUST-175,Customer 175,Home Office,East,Office Supplies,Storage,1045.49,10,0.1,196.07,Same Day
ORD-2023-10804,2023-02-28,2023-03-02,CUST-118,Customer 118,Corporate,Central,Furniture,Tables,1242.47,4,0.0,102.63,Second Class
ORD-2023-10805,2023-12-19,2023-12-20,CUST-330,Customer 330,Home Office,Central,Technology,Printers,2367.11,4,0.2,,First Class
ORD-2023-10806,2023-10-15,2023-10-18,CUST-181,Customer 181,Home Office,East,Office Supplies,Art,386.0,6,0.0,134.08,Same Day
ORD-2023-10807,2023-08-04,2023-08-05,CUST-251,Customer 251,Home Office,East,Furniture,Tables,521.84,7,0.2,180.95,First Class
ORD-2023-10808,2023-08-25,2023-08-28,CUST-186,Customer 186,Home Office,West,Furniture,Chairs,97.28,1,0.3,-8.74,Standard Class
ORD-2023-10809,2023-06-12,2023-06-15,CUST-200,Customer 200,Corporate,South,Technology,Accessories,4406.4,5,0.0,1355.54,Standard Class
ORD-2023-10810,2023-11-13,2023-11-14,CUST-126,Customer 126,Consumer,east ,Technology,Phones,6326.75,6,0.0,832.68,Second Class
ORD-2023-10811,2023-07-08,2023-07-13,CUST-128,Customer 128,Corporate,East,Office Supplies,Paper,36.98,1,0.2,10.86,Standard Class
ORD-2023-10812,2023-07-14,2023-07-17,CUST-181,Customer 181,Consumer,West,Technology,Printers,2398.75,3,0.15,604.4,Second Class
ORD-2023-10813,2023-12-09,2023-12-10,CUST-349,Customer 349,Home Office,West,Office Supplies,Art,156.79,5,0.1,44.98,Same Day
ORD-2023-10814,2023-12-31,2024-01-01,CUST-277,Customer 277,Home Office,Central,Office Supplies,Binders,46.72,2,0.3,-4.99,Second Class
ORD-2023-10815,2023-07-17,2023-07-19,CUST-294,Customer 294,Consumer,South,Technology,Accessories,4469.69,5,0.0,1460.76,First Class
ORD-2023-10816,2023-04-23,2023-04-26,CUST-117,Customer 117,Corporate,South,Furniture,Tables,2021.94,5,0.2,515.72,Second Class
ORD-2023-10817,2023-03-17,2023-03-21,CUST-328,Customer 328,Consumer,East,Office Supplies,Paper,563.09,8,0.15,98.56,Standard Class
ORD-2023-10818,2023-03-02,2023-03-07,CUST-201,Customer 201,Consumer,East,Furniture,Furnishings,2324.04,9,0.1,247.3,Second Class
ORD-2023-10819,2023-11-29,2023-12-03,CUST-145,Customer 145,Consumer,South,Technology,Accessories,4397.22,10,0.0,1160.49,Same Day
ORD-2023-10820,2023-11-27,2023-11-29,CUST-247,Customer 247,Consumer,East,Technology,Phones,1602.82,5,0.2,430.95,Standard Class
ORD-2023-10821,2023-07-27,2023-07-31,CUST-226,Customer 226,Home Office,South,Technology,Laptops,922.83,4,0.3,-28.37,First Class
ORD-2023-10822,2023-01-02,2023-01-03,CUST-318,Customer 318,Corporate,West,Office Supplies,Envelopes,101.99,4,0.1,32.94,First Class
ORD-2023-10823,2023-03-14,2023-03-15,CUST-349,Customer 349,Consumer,South,Furniture,Bookcases,929.25,5,0.0,223.37,Second Class
ORD-2023-10824,2023-08-31,2023-09-05,CUST-111,Customer 111,Corporate,East,Furniture,Tables,555.24,1,0.2,119.85,Standard Class
ORD-2023-10825,2023-03-17,2023-03-18,CUST-288,Customer 288,Corporate,East,Furniture,Bookcases,1293.57,6,0.1,263.71,Same Day
ORD-2023-10826,2023-06-30,2023-07-03,CUST-169,Customer 169,Corporate,Central,Office Supplies,Envelopes,1058.85,9,0.0,273.21,Standard Class
ORD-2023-10827,2023-03-14,2023-03-17,CUST-192,Customer 192,Home Office,South,Technology,Laptops,2608.43,4,0.3,-334.96,Same Day
ORD-2023-10828,2023-05-21,2023-05-27,CUST-327,Customer 327,Corporate,South,Office Supplies,Binders,644.4,6,0.1,84.71,First Class
ORD-2023-10829,2023-10-24,2023-10-29,CUST-245,Customer 245,Corporate,Central,Office Supplies,Paper,272.5,6,0.3,-32.86,Same Day
ORD-2023-10830,2023-12-15,2023-12-17,CUST-177,Customer 177,Home Office,Central,Office Supplies,Envelopes,93.72,8,0.0,13.0,Second Class
ORD-2023-10831,2023-10-31,2023-11-01,CUST-190,Customer 190,Consumer,East,Furniture,Bookcases,132.31,1,0.2,34.35,Same Day
ORD-2023-10832,2023-10-15,2023-10-17,CUST-210,Customer 210,Consumer,East,Office Supplies,Storage,121.82,10,0.1,17.93,Second Class
ORD-2023-10833,2023-12-14,2023-12-20,CUST-335,Customer 335,Consumer,South,Furniture,Furnishings,843.51,5,0.1,250.68,First Class
ORD-2023-10834,2023-03-13,2023-03-19,CUST-177,Customer 177,Corporate,West,Furniture,Tables,1725.33,5,0.2,223.45,Second Class
ORD-2023-10835,2023-08-12,2023-08-13,CUST-228,Customer 228,Home Office,West,Office Supplies,Art,286.9,6,0.15,58.68,First Class
ORD-2023-10836,2023-10-14,2023-10-15,CUST-301,Customer 301,Home Office,South,Technology,Laptops,2429.88,4,0.2,770.29,First Class
ORD-2023-10837,2023-01-28,2023-02-01,CUST-314,Customer 314,Corporate,West,Furniture,Chairs,247.51,1,0.0,42.09,Same Day
ORD-2023-10838,2023-02-19,2023-02-22,CUST-289,Customer 289,Consumer,South,Office Supplies,Storage,158.32,10,0.0,34.73,Standard Class
ORD-2023-10839,2023-10-15,2023-10-21,CUST-177,Customer 177,Home Office,South,Technology,Laptops,3620.4,5,0.2,961.94,Second Class
ORD-2023-10840,2023-02-28,2023-03-01,CUST-163,Customer 163,Home Office,East,Technology,Phones,879.88,4,15.0%,,Standard Class
ORD-2023-10841,2023-03-04,2023-03-07,CUST-310,Customer 310,Consumer,South,Furniture,Tables,5208.58,10,0.15,622.36,First Class
ORD-2023-10842,2023-01-12,2023-01-14,CUST-221,Customer 221,Consumer,West,Office Supplies,Binders,785.4,8,0.15,140.73,Second Class
ORD-2023-10843,2023-05-21,2023-05-25,CUST-308,Customer 308,Corporate,South,Office Supplies,Paper,138.12,7,0.15,11.46,Same Day
ORD-2023-10844,2023-06-05,2023-06-06,CUST-325,Customer 325,Consumer,South,Technology,Accessories,2820.8,8,0.2,386.2,Same Day
ORD-2023-10845,2023-12-28,2024-01-02,CUST-190,Customer 190,Consumer,South,Office Supplies,Paper,868.83,10,0.1,253.65,Second Class
ORD-2023-10846,2023-12-04,2023-12-07,CUST-255,Customer 255,Corporate,South,Technology,Printers,1811.62,3,0.2,271.73,Same Day
ORD-2023-10847,2023-12-24,2023-12-27,CUST-111,Customer 111,Corporate,Central,Office Supplies,Envelopes,20.62,1,0.0,4.43,Standard Class
ORD-2023-10848,2023-12-14,2023-12-18,CUST-286,Customer 286,Consumer,Central,Technology,Laptops,5284.19,7,0.2,780.11,Second Class
ORD-2023-10849,2023-01-20,2023-01-26,CUST-336,Customer 336,Home Office,East,Furniture,Bookcases,1077.74,3,0.3,-37.98,Standard Class
ORD-2023-10850,04/13/2023,2023-04-15,CUST-157,Customer 157,Home Office,Central,Furniture,Furnishings,1396.48,4,0.0,144.15,First Class
ORD-2023-10851,2023-01-13,2023-01-19,CUST-192,Customer 192,Consumer,East,Technology,Phones,3658.88,7,0.3,-14.65,Standard Class
ORD-2023-10852,2023-11-25,2023-11-30,CUST-228,Customer 228,Home Office,South,Technology,Laptops,3145.86,6,0.0,624.44,Same Day
ORD-2023-10853,2023-11-17,2023-11-21,CUST-125,Customer 125,Consumer,East,Office Supplies,Paper,138.92,2,0.0,19.52,First Class
ORD-2023-10854,2023-05-29,2023-06-01,CUST-347,Customer 347,Consumer,South,Office Supplies,Storage,415.41,5,0.2,89.32,Second Class
ORD-2023-10855,2023-07-24,2023-07-29,CUST-339,Customer 339,Home Office,east ,Office Supplies,Paper,281.77,5,0.0,47.99,Same Day
ORD-2023-10856,2023-01-31,2023-02-02,CUST-160,Customer 160,Home Office,West,Office Supplies,Storage,613.06,8,0.3,10.42,Standard Class
ORD-2023-10857,2023-01-19,2023-01-22,CUST-342,Customer 342,Home Office,East,Furniture,Chairs,254.11,3,0.2,35.78,Same Day
ORD-2023-10858,2023-06-29,2023-07-03,CUST-106,Customer 106,Consumer,South,Furniture,Tables,1717.47,4,0.3,-251.41,Standard Class
ORD-2023-10859,2023-09-04,2023-09-05,CUST-240,Customer 240,Corporate,South,Furniture,Tables,413.52,3,0.1,72.36,Same Day
ORD-2023-10860,2023-06-25,2023-06-29,CUST-158,Customer 158,Consumer,East,Technology,Laptops,5235.16,7,0.2,483.52,Standard Class
ORD-2023-10861,2023-01-08,2023-01-14,CUST-212,Customer 212,Consumer,West,Technology,Phones,1340.18,3,0.0,468.37,Second Class
ORD-2023-10862,2023-03-08,2023-03-13,CUST-119,Customer 119,Home Office,South,Furniture,Chairs,934.35,5,0.1,301.2,Standard Class
ORD-2023-10863,2023-04-23,2023-04-27,CUST-234,Customer 234,Home Office,Central,Furniture,Bookcases,1870.56,5,0.1,604.41,Second Class
ORD-2023-10864,2023-12-28,2024-01-02,CUST-315,Customer 315,Consumer,South,Furniture,Chairs,4373.87,9,0.1,1205.99,Second Class
ORD-2023-10865,2023-03-14,2023-03-15,CUST-343,Customer 343,Home Office,West,Office Supplies,Art,63.57,2,0.2,11.68,Same Day
ORD-2023-10866,2023-02-13,2023-02-14,CUST-320,Customer 320,Corporate,Central,Office Supplies,Art,228.41,7,0.0,58.97,Standard Class
ORD-2023-10867,2023-09-30,2023-10-01,CUST-336,Customer 336,Consumer,Central,Technology,Accessories,4503.4,5,0.1,1242.77,First Class
ORD-2023-10868,2023-11-15,2023-11-19,CUST-343,Customer 343,Consumer,South,Office Supplies,Paper,243.94,5,0.2,66.89,Same Day
ORD-2023-10869,2023-09-23,2023-09-26,CUST-133,Customer 133,Home Office,West,Furniture,Furnishings,503.21,1,0.0,145.06,Second Class
ORD-2023-10870,2023-06-01,2023-06-04,CUST-268,Customer 268,Corporate,South,Technology,Accessories,4857.74,5,0.0,791.14,First Class
ORD-2023-10871,2023-12-05,2023-12-08,CUST-212,Customer 212,Corporate,Central,Technology,Printers,511.81,1,0.2,71.05,Standard Class
ORD-2023-10872,2023-01-30,2023-02-04,CUST-146,Customer 146,Consumer,East,Furniture,Bookcases,1256.05,5,0.0,177.61,Same Day
ORD-2023-10873,2023-03-31,2023-04-02,CUST-147,Customer 147,Home Office,East,Technology,Phones,6637.67,9,0.3,-693.04,Standard Class
ORD-2023-10874,2024-01-01,2024-01-04,CUST-253,Customer 253,Home Office,Central,Technology,Accessories,1655.09,4,0.2,167.02,Standard Class
ORD-2023-10875,2023-04-15,2023-04-18,CUST-324,Customer 324,Consumer,Central,Office Supplies,Art,435.14,5,0.1,,Same Day
ORD-2023-10876,2023-11-30,2023-12-03,CUST-111,Customer 111,Consumer,South,Furniture,Chairs,2581.44,5,0.2,353.91,First Class
ORD-2023-10877,2023-06-10,2023-06-15,CUST-268,Customer 268,Home Office,Central,Technology,Printers,1650.43,3,0.0,559.21,Standard Class
ORD-2023-10878,2023-04-25,2023-04-30,CUST-255,Customer 255,Home Office,South,Office Supplies,Paper,358.91,8,0.0,109.73,Standard Class
ORD-2023-10879,2023-05-31,2023-06-02,CUST-180,Customer 180,Consumer,Central,Technology,Accessories,1492.14,2,0.15,265.17,Same Day
ORD-2023-10880,2023-06-30,2023-07-05,CUST-214,Customer 214,Home Office,East,Furniture,Furnishings,3322.19,7,0.2,485.49,Second Class
ORD-2023-10880,2023-06-30,2023-07-05,CUST-214,Customer 214,Home Office,East,Furniture,Furnishings,3322.19,7,0.2,485.49,Second Class
ORD-2023-10881,2023-07-28,2023-08-03,CUST-180,Customer 180,Corporate,West,Office Supplies,Storage,189.05,2,0.2,40.35,First Class
ORD-2023-10882,2023-04-12,2023-04-14,CUST-167,Customer 167,Consumer,South,Technology,Laptops,8072.56,9,0.0,2463.28,Same Day
ORD-2023-10883,2023-01-13,2023-01-19,CUST-331,Customer 331,Home Office,West,Technology,Laptops,2558.22,7,0.3,-233.62,Same Day
ORD-2023-10884,2023-06-22,2023-06-25,CUST-343,Customer 343,Consumer,East,Office Supplies,Paper,622.04,8,0.15,98.35,First Class
ORD-2023-10885,2023-09-02,2023-09-08,CUST-138,Customer 138,Home Office,West,Office Supplies,Binders,69.22,1,0.15,11.53,Standard Class
ORD-2023-10886,2023-04-01,2023-04-06,CUST-187,Customer 187,Corporate,Central,Technology,Laptops,630.99,1,0.15,99.08,Same Day
ORD-2023-10887,2023-07-16,2023-07-19,CUST-210,Customer 210,Home Office,West,Technology,Phones,3581.57,9,0.1,561.93,Second Class
ORD-2023-10888,2023-03-02,2023-03-05,CUST-173,Customer 173,Consumer,Central,Furniture,Furnishings,1915.03,5,0.3,-180.54,Second Class
ORD-2023-10889,2023-02-19,2023-02-21,CUST-101,Customer 101,Home Office,West,Technology,Phones,6554.43,8,0.2,1279.13,Second Class
ORD-2023-10890,2023-08-16,2023-08-21,CUST-213,Customer 213,Consumer,West,Furniture,Bookcases,843.29,7,0.1,234.05,Standard Class
ORD-2023-10891,2023-03-01,2023-03-04,CUST-183,Customer 183,Home Office,East,Office Supplies,Binders,190.48,3,0.2,49.8,Standard Class
ORD-2023-10892,2023-02-07,2023-02-13,CUST-148,Customer 148,Consumer,Central,Technology,Printers,5318.38,9,0.3,-130.53,First Class
ORD-2023-10893,2023-05-06,2023-05-08,CUST-138,Customer 138,Corporate,South,Technology,Laptops,8036.5,8,0.0,2020.28,Same Day
ORD-2023-10894,2023-02-15,2023-02-20,CUST-242,Customer 242,Consumer,West,Technology,Printers,3320.77,10,0.1,815.62,Same Day
ORD-2023-10895,2023-11-20,2023-11-25,CUST-324,Customer 324,Corporate,West,Office Supplies,Storage,354.78,5,0.15,104.7,Second Class
ORD-2023-10896,2023-07-20,2023-07-25,CUST-156,Customer 156,Corporate,Central,Office Supplies,Art,159.86,2,0.15,54.63,Standard Class
ORD-2023-10897,2023-06-16,2023-06-18,CUST-269,Customer 269,Corporate,South,Technology,Laptops,875.43,2,0.15,268.61,First Class
ORD-2023-10898,2023-09-08,2023-09-13,CUST-168,Customer 168,Consumer,South,Office Supplies,Binders,395.93,9,0.2,114.18,First Class
ORD-2023-10899,2023-05-14,2023-05-20,CUST-202,Customer 202,Corporate,Central,Furniture,Furnishings,1108.61,5,0.1,279.14,Same Day
ORD-2023-10900,01/24/2023,2023-01-27,CUST-237,Customer 237,Home Office,south ,Furniture,Tables,474.87,4,20.0%,80.26,Second Class
ORD-2023-10901,2023-11-06,2023-11-11,CUST-299,Customer 299,Corporate,East,Office Supplies,Paper,297.44,6,0.3,-41.69,Standard Class
ORD-2023-10902,2023-04-18,2023-04-21,CUST-174,Customer 174,Home Office,West,Technology,Printers,2322.99,3,0.3,-232.9,Second Class
ORD-2023-10903,2023-01-07,2023-01-08,CUST-302,Customer 302,Home Office,East,Office Supplies,Paper,70.93,8,0.3,0.32,Same Day
ORD-2023-10904,2023-05-07,2023-05-08,CUST-133,Customer 133,Corporate,Central,Office Supplies,Paper,229.24,5,0.3,0.57,Same Day
ORD-2023-10905,2023-08-01,2023-08-02,CUST-124,Customer 124,Home Office,East,Office Supplies,Envelopes,689.63,10,0.1,201.29,Second Class
ORD-2023-10906,2023-08-06,2023-08-11,CUST-125,Customer 125,Corporate,East,Furniture,Bookcases,1858.29,5,0.15,195.36,Second Class
ORD-2023-10907,2023-07-28,2023-08-02,CUST-197,Customer 197,Home Office,Central,Furniture,Bookcases,424.87,1,0.2,115.96,Second Class
ORD-2023-10908,2023-08-20,2023-08-22,CUST-222,Customer 222,Corporate,East,Furniture,Tables,1908.05,10,0.3,86.17,First Class
ORD-2023-10909,2023-02-18,2023-02-23,CUST-121,Customer 121,Home Office,West,Technology,Printers,1376.05,3,0.2,392.67,Second Class
ORD-2023-10910,2023-01-31,2023-02-04,CUST-313,Customer 313,Home Office,Central,Furniture,Bookcases,1521.54,3,0.0,,First Class
ORD-2023-10911,2023-04-18,2023-04-23,CUST-182,Customer 182,Corporate,South,Office Supplies,Art,584.93,8,0.3,-78.21,Second Class
ORD-2023-10912,2023-02-23,2023-02-27,CUST-233,Customer 233,Consumer,East,Furniture,Tables,702.63,2,0.0,224.2,Second Class
ORD-2023-10913,2023-09-11,2023-09-13,CUST-175,Customer 175,Corporate,South,Technology,Printers,850.15,2,0.3,-81.43,Standard Class
ORD-2023-10914,2023-06-15,2023-06-20,CUST-233,Customer 233,Consumer,Central,Office Supplies,Binders,162.68,4,0.2,24.05,First Class
ORD-2023-10915,2023-08-25,2023-08-27,CUST-102,Customer 102,Consumer,Central,Office Supplies,Binders,104.25,6,0.0,17.12,Same Day
ORD-2023-10916,2023-04-07,2023-04-09,CUST-115,Customer 115,Corporate,East,Office Supplies,Art,388.4,10,0.2,123.71,Standard Class
ORD-2023-10917,2023-06-26,2023-07-02,CUST-249,Customer 249,Corporate,East,Technology,Accessories,2142.55,5,0.2,484.38,Same Day
ORD-2023-10918,2023-12-04,2023-12-06,CUST-171,Customer 171,Consumer,East,Office Supplies,Binders,234.38,3,0.2,59.56,Second Class
ORD-2023-10919,2023-07-16,2023-07-19,CUST-153,Customer 153,Home Office,Central,Office Supplies,Envelopes,81.14,3,0.2,9.7,Same Day
ORD-2023-10920,2023-03-26,2023-03-30,CUST-230,Customer 230,Consumer,East,Furniture,Chairs,2979.58,8,0.0,432.06,Second Class
ORD-2023-10921,2023-07-21,2023-07-25,CUST-314,Customer 314,Corporate,South,Office Supplies,Art,689.33,9,0.0,232.96,First Class
ORD-2023-10922,2023-11-21,2023-11-24,CUST-275,Customer 275,Corporate,West,Furniture,Furnishings,699.91,2,0.0,219.67,First Class
ORD-2023-10923,2023-08-27,2023-09-02,CUST-197,Customer 197,Consumer,Central,Office Supplies,Art,56.99,6,0.15,10.11,Second Class
ORD-2023-10924,2023-04-10,2023-04-11,CUST-228,Customer 228,Corporate,Central,Furniture,Chairs,85.67,1,0.15,16.07,First Class
ORD-2023-10925,2023-12-23,2023-12-29,CUST-320,Customer 320,Home Office,Central,Furniture,Chairs,3209.52,8,0.15,906.63,Standard Class
ORD-2023-10926,2023-11-28,2023-12-03,CUST-280,Customer 280,Consumer,East,Technology,Accessories,3193.38,3,0.0,303.8,Second Class
ORD-2023-10927,2023-11-23,2023-11-29,CUST-318,Customer 318,Home Office,East,Furniture,Chairs,1504.22,4,0.3,29.55,First Class
ORD-2023-10928,2023-06-12,2023-06-18,CUST-340,Customer 340,Home Office,West,Office Supplies,Storage,117.34,7,0.0,35.53,Standard Class
ORD-2023-10929,2023-09-14,2023-09-16,CUST-170,Customer 170,Corporate,Central,Technology,Laptops,2510.32,10,0.3,46.25,Standard Class
ORD-2023-10930,2023-01-02,2023-01-05,CUST-219,Customer 219,Consumer,Central,Office Supplies,Storage,1123.3,10,0.0,125.13,First Class
ORD-2023-10931,2023-02-16,2023-02-18,CUST-296,Customer 296,Home Office,East,Technology,Accessories,2934.52,3,0.0,929.78,Standard Class
ORD-2023-10932,2023-05-07,2023-05-10,CUST-197,Customer 197,Corporate,West,Office Supplies,Binders,223.55,5,0.0,68.3,Standard Class
ORD-2023-10933,2023-05-20,2023-05-22,CUST-167,Customer 167,Home Office,West,Furniture,Bookcases,614.31,2,0.3,-27.88,Same Day
ORD-2023-10934,2023-11-20,2023-11-26,CUST-279,Customer 279,Consumer,West,Technology,Printers,3599.87,7,0.0,620.58,Second Class
ORD-2023-10935,2023-09-15,2023-09-20,CUST-219,Customer 219,Corporate,Central,Technology,Laptops,915.1,5,0.0,190.62,Second Class
ORD-2023-10936,2023-08-28,2023-09-02,CUST-182,Customer 182,Home Office,Central,Furniture,Furnishings,1052.27,2,0.15,219.28,Standard Class
ORD-2023-10937,2023-06-22,2023-06-28,CUST-219,Customer 219,Corporate,East,Technology,Accessories,2642.84,9,0.15,634.98,Second Class
ORD-2023-10938,2023-12-22,2023-12-26,CUST-253,Customer 253,Corporate,South,Furniture,Tables,1972.29,6,0.0,564.19,First Class
ORD-2023-10939,2023-09-17,2023-09-18,CUST-251,Customer 251,Home Office,South,Furniture,Bookcases,146.53,1,0.2,49.91,Same Day
ORD-2023-10940,2023-09-26,2023-09-28,CUST-179,Customer 179,Consumer,West,Technology,Accessories,2974.69,3,0.0,766.95,Standard Class
ORD-2023-10941,2023-04-13,2023-04-15,CUST-319,Customer 319,Consumer,Central,Furniture,Chairs,1692.68,4,0.2,521.9,Second Class
ORD-2023-10942,2023-07-11,2023-07-12,CUST-240,Customer 240,Consumer,South,Technology,Accessories,5258.13,7,0.15,1423.27,Same Day
ORD-2023-10943,2023-02-19,2023-02-23,CUST-329,Customer 329,Corporate,West,Furniture,Tables,2264.53,5,0.15,507.73,First Class
ORD-2023-10944,2023-06-27,2023-07-01,CUST-192,Customer 192,Consumer,East,Technology,Laptops,3450.3,6,0.15,1128.03,First Class
ORD-2023-10945,2023-11-27,2023-11-29,CUST-177,Customer 177,Consumer,west ,Furniture,Tables,2226.85,7,0.0,,Second Class
ORD-2023-10946,2023-07-18,2023-07-24,CUST-141,Customer 141,Corporate,South,Technology,Accessories,6065.2,7,0.0,1052.3,Second Class
ORD-2023-10947,2023-02-21,2023-02-27,CUST-247,Customer 247,Corporate,South,Technology,Laptops,3485.1,9,0.3,-242.77,Second Class
ORD-2023-10948,2023-01-28,2023-01-31,CUST-228,Customer 228,Home Office,South,Furniture,Chairs,2815.85,6,0.1,310.17,Same Day
ORD-2023-10949,2023-04-02,2023-04-06,CUST-186,Customer 186,Consumer,South,Office Supplies,Paper,659.58,10,0.15,130.21,Standard Class
ORD-2023-10950,08/26/2023,2023-08-29,CUST-112,Customer 112,Corporate,East,Technology,Printers,7836.36,10,0.1,2249.39,First Class
ORD-2023-10951,2023-01-13,2023-01-18,CUST-104,Customer 104,Corporate,Central,Technology,Accessories,3534.22,8,0.1,981.15,Same Day
ORD-2023-10952,2023-09-30,2023-10-06,CUST-132,Customer 132,Consumer,South,Technology,Laptops,2077.14,3,0.15,552.58,Standard Class
ORD-2023-10953,2023-05-05,2023-05-11,CUST-109,Customer 109,Corporate,South,Technology,Phones,2369.46,3,0.0,433.89,First Class
ORD-2023-10954,2023-02-10,2023-02-13,CUST-343,Customer 343,Consumer,Central,Furniture,Furnishings,2296.97,5,0.15,782.33,Second Class
ORD-2023-10955,2023-04-09,2023-04-14,CUST-195,Customer 195,Home Office,Central,Furniture,Tables,3861.52,10,0.3,-47.22,Standard Class
ORD-2023-10956,2023-04-06,2023-04-09,CUST-169,Customer 169,Consumer,East,Office Supplies,Art,55.58,1,0.0,8.57,First Class
ORD-2023-10957,2023-08-25,2023-08-30,CUST-281,Customer 281,Consumer,Central,Technology,Laptops,1834.13,6,0.2,556.26,Standard Class
ORD-2023-10958,2023-10-29,2023-11-02,CUST-187,Customer 187,Corporate,Central,Office Supplies,Art,112.12,6,0.3,-5.63,Standard Class
ORD-2023-10959,2023-09-30,2023-10-06,CUST-108,Customer 108,Corporate,West,Office Supplies,Art,645.71,10,0.1,66.14,Same Day
ORD-2023-10960,2023-09-29,2023-10-02,CUST-107,Customer 107,Corporate,Central,Furniture,Bookcases,467.61,3,15.0%,89.85,Same Day
ORD-2023-10960,2023-09-29,2023-10-02,CUST-107,Customer 107,Corporate,Central,Furniture,Bookcases,467.61,3,15.0%,89.85,Same Day
ORD-2023-10961,2023-01-12,2023-01-15,CUST-196,Customer 196,Home Office,South,Technology,Printers,11462.6,10,0.0,3987.56,Second Class
ORD-2023-10962,2023-10-20,2023-10-23,CUST-190,Customer 190,Home Office,West,Technology,Printers,2120.72,4,0.1,530.55,Same Day
ORD-2023-10963,2023-12-07,2023-12-13,CUST-157,Customer 157,Home Office,Central,Office Supplies,Envelopes,600.21,7,0.15,73.45,Same Day
ORD-2023-10964,2023-04-01,2023-04-05,CUST-274,Customer 274,Corporate,Central,Technology,Accessories,939.29,2,0.15,123.04,Second Class
ORD-2023-10965,2023-01-15,2023-01-20,CUST-342,Customer 342,Home Office,West,Technology,Phones,417.58,1,0.15,110.57,Same Day
ORD-2023-10966,2023-07-09,2023-07-10,CUST-217,Customer 217,Consumer,South,Office Supplies,Envelopes,260.14,6,0.3,8.92,Second Class
ORD-2023-10967,2023-06-15,2023-06-17,CUST-217,Customer 217,Consumer,Central,Technology,Phones,3471.42,4,0.0,1189.51,Same Day
ORD-2023-10968,2023-09-14,2023-09-20,CUST-218,Customer 218,Consumer,East,Office Supplies,Storage,135.13,2,0.2,47.13,Second Class
ORD-2023-10969,2023-07-17,2023-07-18,CUST-212,Customer 212,Home Office,South,Furniture,Chairs,655.58,8,0.3,2.46,Standard Class
ORD-2023-10970,2023-07-06,2023-07-10,CUST-316,Customer 316,Consumer,South,Furniture,Chairs,1538.19,5,0.3,-178.75,Second Class
ORD-2023-10971,2023-07-31,2023-08-06,CUST-167,Customer 167,Corporate,Central,Technology,Laptops,695.14,2,0.3,-35.93,Second Class
ORD-2023-10972,2023-05-06,2023-05-09,CUST-279,Customer 279,Corporate,Central,Furniture,Furnishings,2242.73,5,0.0,495.38,Same Day
ORD-2023-10973,2023-01-14,2023-01-16,CUST-178,Customer 178,Home Office,Central,Office Supplies,Storage,185.72,3,0.3,-16.9,First Class
ORD-2023-10974,2023-12-22,2023-12-24,CUST-263,Customer 263,Corporate,West,Office Supplies,Storage,138.64,4,0.2,11.54,First Class
ORD-2023-10975,2023-07-06,2023-07-12,CUST-250,Customer 250,Corporate,South,Furniture,Tables,2387.6,9,0.15,608.99,Second Class
ORD-2023-10976,2023-09-26,2023-09-30,CUST-187,Customer 187,Consumer,West,Furniture,Furnishings,613.4,4,0.3,4.82,Standard Class
ORD-2023-10977,2023-11-29,2023-12-01,CUST-315,Customer 315,Home Office,Central,Furniture,Furnishings,4856.89,9,0.0,911.12,Standard Class
ORD-2023-10978,2023-02-20,2023-02-23,CUST-245,Customer 245,Consumer,East,Furniture,Chairs,1504.22,9,0.3,56.06,Same Day
ORD-2023-10979,2023-05-06,2023-05-08,CUST-241,Customer 241,Home Office,South,Technology,Phones,1229.64,5,0.0,399.21,First Class
ORD-2023-10980,2023-03-09,2023-03-14,CUST-249,Customer 249,Consumer,Central,Technology,Laptops,6511.46,10,0.0,,Second Class
ORD-2023-10981,2023-11-21,2023-11-22,CUST-221,Customer 221,Corporate,West,Furniture,Chairs,1603.49,4,0.1,374.77,Standard Class
ORD-2023-10982,2023-10-25,2023-10-29,CUST-250,Customer 250,Home Office,East,Office Supplies,Art,320.38,10,0.15,77.65,Second Class
ORD-2023-10983,2023-09-10,2023-09-16,CUST-343,Customer 343,Home Office,West,Furniture,Furnishings,1434.85,5,0.3,-54.16,First Class
ORD-2023-10984,2023-06-08,2023-06-14,CUST-181,Customer 181,Corporate,South,Technology,Laptops,4926.84,9,0.15,1289.37,Standard Class
ORD-2023-10985,2023-02-18,2023-02-22,CUST-299,Customer 299,Consumer,Central,Office Supplies,Envelopes,117.35,2,0.1,33.67,Second Class
ORD-2023-10986,2023-08-30,2023-08-31,CUST-182,Customer 182,Home Office,Central,Office Supplies,Binders,86.69,3,0.0,21.22,Second Class
ORD-2023-10987,2023-03-22,2023-03-25,CUST-158,Customer 158,Corporate,South,Office Supplies,Envelopes,216.99,5,0.0,35.3,First Class
ORD-2023-10988,2023-07-01,2023-07-07,CUST-295,Customer 295,Corporate,Central,Furniture,Bookcases,3943.61,7,0.15,692.01,Same Day
ORD-2023-10989,2023-03-13,2023-03-17,CUST-175,Customer 175,Consumer,Central,Technology,Laptops,839.34,6,0.2,194.05,First Class
ORD-2023-10990,2023-04-13,2023-04-15,CUST-141,Customer 141,Consumer,south ,Furniture,Chairs,3982.36,6,0.0,1158.59,Second Class
ORD-2023-10991,2023-07-19,2023-07-25,CUST-115,Customer 115,Home Office,South,Technology,Accessories,355.16,2,0.15,116.98,Same Day
ORD-2023-10992,2023-02-26,2023-03-02,CUST-311,Customer 311,Corporate,West,Office Supplies,Paper,175.56,3,0.2,18.22,Same Day
ORD-2023-10993,2023-05-06,2023-05-09,CUST-135,Customer 135,Corporate,Central,Office Supplies,Envelopes,164.33,2,0.1,53.31,Standard Class
ORD-2023-10994,2023-08-17,2023-08-23,CUST-217,Customer 217,Corporate,West,Technology,Accessories,2698.18,6,0.1,655.59,Second Class
ORD-2023-10995,2023-01-12,2023-01-14,CUST-306,Customer 306,Corporate,East,Office Supplies,Art,106.44,8,0.2,19.25,Same Day
ORD-2023-10996,2023-10-17,2023-10-21,CUST-172,Customer 172,Home Office,East,Office Supplies,Storage,183.11,10,0.0,62.81,Same Day
ORD-2023-10997,2023-02-27,2023-03-04,CUST-256,Customer 256,Home Office,West,Office Supplies,Paper,206.65,4,0.1,42.52,Same Day
ORD-2023-10998,2023-03-19,2023-03-25,CUST-216,Customer 216,Home Office,Central,Technology,Laptops,8731.52,9,0.0,1644.98,First Class
ORD-2023-10999,2023-05-31,2023-06-01,CUST-209,Customer 209,Consumer,South,Technology,Phones,1138.85,3,0.1,254.8,First Class
ORD-2023-11000,12/01/2023,2023-12-07,CUST-148,Customer 148,Home Office,West,Office Supplies,Storage,30.92,3,0.2,10.36,Second Class
